"ASV";"Seq_number";"even-mock3-1_S258_L001";"even-mock3-2_S282_L001";"even-mock3-3_S199_L001";"staggered-mock3-1_S270_L001";"staggered-mock3-2_S211_L001";"staggered-mock3-3_S223_L001"
"1";"ACTTTAATTTTGATCGCCTCCTTATCGATCAAGATCATAATAACCACGTCGTACTATATGCGATTAGCAAAGACCGTCATGAAGTAGTTAAACTTAAGACAACGATGAAAGGGAATAATGTTGATAAAGCTTTTAAAAGTATCGAACCTGACATGCAGCCCTATACGGAAATCATCACGAATAAAGATACAATCGACAAAGCAACACACGTGTTTGCCCCAAGCAAACCGAAGGACTTAAAGACGTATCGCATGGTCTTCAATACGATTAGTGTTGAACGCATGAACTCAATACTATTTGATGATTCAACGATTGTTCGTAGCTCTCAAAGTGGTACGACAACATACAACAACAATACTGGCGTCGCCAACTACAACGATAAAGATGAAATGTATCATTATAAGAATTTATCTGAAGATGCGAAAAGTTCAAGCAACATGCAAGAAACCATCCCAGGCACATACGAGTTTATAAAT";"seq2";4432;4605;5333;8793;10237;13499
"2";"ACTTTAATTTTGATCGCCTCCTTATCGATCAAGATCATAATAACCACGTCGTACTATTTGCGATTAGCAAAGACCGTCATGAAGTAGTTAAACTTAAGACAACGATGAAAGGGAATAATGTTGATAAAGCTTTTAAAAGTATCGAACCTGACATGCAGCCCTATACGGAAATCATCACGAATAAAGATACAATCGACAAAGCAACACACGTGTTTGCACCAAGCAAACCGAAAGACTTAAAGACGTATCGCATGGTCTTCAATACGATCAGTGTTGAACGCATGAACTCAATACTATTTGATGATTCAACGATTGTTCGTAGCTCTCAAAGTGGTACGACAACATACAACAACAATACTGGCGTCGCCAACTACAATGATAAAGATGAAATGTATCATTATAAGAATTTATCTGAAGACGCGAAAAGTTCAAGCAACATGCAAGAAACCATCCCAGGCACATACGAGTTTATAAAT";"seq43";3707;3403;4160;4681;4885;7065
"3";"ACTTTAATTTTGATCGCCTCCTTATCGATCAAGATCATAATAACCACGTCGTACTATATGCGATTAGCAAAGACCGTCATGAAGTAGTTAAACTTAAGACAACGATGAAAGGGAATAATGTTGATAAAGCTTTTAAAAGTATCGAACCTGACATGCAGCCCTATACGGAAATCATCACGAATAAAGATACAATCGACAAAGCAACACACGTGTTTGCACCAAGCAAACCGAAAGACTTAAAGACGTATCGCATGGTCTTCAATACGATCAGTGTTGAACGCATGAACTCAATACTATTTGATGATTCAACGATTGTTCGTAGCTCTCAAAGTGGTACGACAACATACAACAACAATACTGGCGTCGCCAACTACAATGATAAAGATGAAATGTATCATTATAAGAATTTATCTGAAGACGCGAAAAGTTCAAGCAACATGCAAGAAACCATCCCAGGCACATACGAGTTTATAAAT";"seq43";1290;1443;1494;1732;1573;2625
"4";"ACTTTAATTTTGATCGCCTCCTTATCGATCAAGATCATAATAACCACGTCGTACTATATGCGATTAGCAAAGACCGTCATGAAGTAGTTAAACTTAAGACAACGATGAAAGGGAATAACGTTGACAAAGCTTTTAAAAGTATCGAACCTGACATGCAACCCTATACGGAAATCATCACGAATAAAGATACAATCGACAAAGCAACACACGTGTTTGCACCAAGCAAACCGAAAGACTTAAAGACGTATCGCATGGTCTTCAATACGATCAGTGTTGAACGCATGAACTCAATACTATTTGATGATTCAACGATTGTTCGTAGCTCTCAAAGTGGTACGACAACATACAACAACAATACTGGTGTCGCCAACTATAACGATAAAGATGAAATGTATCATTATAAGAATTTATCTGAAGACGCGAAAAGTTCAAGCAACATGCAAGAAACCATCCCAGGCACATACGAGTTTATAAAT";"seq62";2983;2794;3412;87;58;143
"5";"ACTTTAATTTTGATCGCCTCCTTATCGATCAAGATCATAATAACCACGTCGTACTATTTGCGATTAGCAAAGACCGTCATGAAGTAGTTAAACTTAAGACAACGATGAAAGGGAATAATGTTGATAAAGCTTTTAAAAGTATCGAACCTGACATGCAGCCCTATACGGAAATCATCACGAATAAAGATACAATCGACAAAGCAACACACGTGTTTGCCCCAAGCAAACCGAAGGACTTAAAGACGTATCGCATGGTCTTCAATACGATTAGTGTTGAACGCATGAACTCAATACTATTTGATGATTCAACGATTGTTCGTAGCTCTCAAAGTGGTACGACAACATACAACAACAATACTGGCGTCGCCAACTACAACGATAAAGATGAAATGTATCATTATAAGAATTTATCTGAAGATGCGAAAAGTTCAAGCAACATGCAAGAAACCATCCCAGGCACATACGAGTTTATAAAT";"seq2";874;943;1043;1690;1674;2451
"6";"ACTTTAATTTTGATCGCCTCCTTATCGATCAAGATCATAATAACCACGTCGTACTATATGCGATTAGCAAAGACCGTCATGAAGTAGTTAAACTTAAGACAACGATGAAAGGGAATAACGTTGATAAAGCTTTTAAAAGTATCGAACCTGATATGCAGCCCTATACGGAAATCATCACGAATAAAGATACAATCGACAAAGCAACACACGTGTTTGCACCAAGCAAACCGAAAGACTTAAAGACGTATCGCATGGTCTTCAATACGATTAGTGTTGAACGCATGAACTCAATACTATTTGATGATTCAACGATTGTTCGTAGCTCTCAAAGTGGTACGACAACATACAACAACAATACTGGCGTCGCCAACTACAACGATAAAGATGAAATGTATCATTATAAGAATTTATCTGAAGATGCGAAAAGTTCAAGCAACATGCAAGAAACCATCCCAGGCACATACGAGTTTATAAAT";"seq14";2687;2158;2665;72;78;118
"7";"ACTTTAATTTTGATCGCCTCCTTATCGATCAAGATCATAATAACCACGTCGTACTATATGCGATTAGCAAAGACCGTCATGAAGTAGTTAAACTTAAGACAACGATGAAAGGGAATAATGTTGATAAAGCTTTTAAAAGTATCGAACCTGACATGCAGCCCTATACGGAAATCATCACGAATAAAGATACAATCGACAAAGCAACACACGTGTTTGCCCCAAGCAAACCGAAGGACTTAAAGACGTATCGCATGGTCTTCAATACGATTAGTGTTGAACGCATGAACTCAATACTATTTGATGATTCAACGATTGTTCGTAGCTCTCAAAGTGGTACGACAACATACAACAACAATACTGGCGTCGCCAACTACAATGATAAAGATGAAATGTATCATTATAAGAATTTATCTGAAGACGCGAAAAGTTCAAGCAACATGCAAGAAACCATCCCAGGCACATACGAGTTTATAAAT";"seq2";509;612;748;1116;910;1397
"8";"ACTTTAATTTTGATCGCCTCCTTATCGATCAAGATCATAATAACCACGTCGTACTATTTGCGATTAGCAAAGACCGTCATGAAGTAGTTAAACTTAAGACAACGATGAAAGGGAATAATGTTGATAAAGCTTTTAAAAGTATCGAACCTGACATGCAGCCCTATACGGAAATCATCACGAATAAAGATACAATCGACAAAGCAACACACGTGTTTGCACCAAGCAAACCGAAAGACTTAAAGACGTATCGCATGGTCTTCAATACGATCAGTGTTGAACGCATGAACTCAATACTATTTGATGATTCAACGATTGTTCGTAGCTCTCAAAGTGGTACGACAACATACAACAACAATACTGGCGTCGCCAACTACAACGATAAAGATGAAATGTATCATTATAAGAATTTATCTGAAGATGCGAAAAGTTCAAGCAACATGCAAGAAACCATCCCAGGCACATACGAGTTTATAAAT";"seq43";683;740;728;848;891;1345
"9";"ACTTTAATTTTGATCGCCTCCTTATCGATCAAGATCATAATAACCACGTCGTACTATATGCGATTAGCAAAGACCGTCATGAAGTAGTTAAACTTAAGACAACGATGAAAGGGAATAATGTTGATAAAGCTTTTAAAAGTATCGAACCTGACATGCAGCCCTATACGGAAATCATCACGAATAAAGATACAATCGACAAAGCAACACACGTGTTTGCCCCAAGCAAACCGAAGGACTTAAAGACGTATCGCATGGTCTTCAATACGATTAGTGTTGAACGCATGAACTCAATACTATTTGATGATTCAACGATTGTTCGTAGCTCTCAAAGTGGTACGACAACATACAACAACAATACTGGCGTCGCCAACTACAACGATAAAGATGAAATGTATCATTATAAGAATTTATCTGAAGACGCGAAAAGTTCAAGCAACATGCAAGAAACCATCCCAGGCACATACGAGTTTATAAAT";"seq2";474;527;582;537;669;793
"10";"ACTTTAATTTTGATCGCCTCCTTATCGATCAAGATCATAATAACCACGTCGTACTATTTGCGATTAGCAAAGACCGTCATGAAGTAGTTAAACTTAAGACAACGATGAAAGGGAATAATGTTGATAAAGCTTTTAAAAGTATCGAACCTGACATGCAGCCCTATACGGAAATCATCACGAATAAAGATACAATCGACAAAGCAACACACGTGTTTGCACCAAGCAAACCGAAAGACTTAAAGACGTATCGCATGGTCTTCAATACGATTAGTGTTGAACGCATGAACTCAATACTATTTGATGATTCAACGATTGTTCGTAGCTCTCAAAGTGGTACGACAACATACAACAACAATACTGGCGTCGCCAACTACAACGATAAAGATGAAATGTATCATTATAAGAATTTATCTGAAGATGCGAAAAGTTCAAGCAACATGCAAGAAACCATCCCAGGCACATACGAGTTTATAAAT";NA;608;615;548;460;486;671
"11";"ACTTTAATTTTGATCGCCTCCTTATCGATCAAGATCATAATAACCACGTCGTACTATTTGCGATTAGCAAAGACCGTCATGAAGTAGTTAAACTTAAGACAACGATGAAAGGGAATAATGTTGATAAAGCTTTTAAAAGTATCGAACCTGACATGCAGCCCTATACGGAAATCATCACGAATAAAGATACAATCGACAAAGCAACACACGTGTTTGCACCAAGCAAACCGAAAGACTTAAAGACGTATCGCATGGTCTTCAATACGATCAGTGTTGAACGCATGAACTCAATACTATTTGATGATTCAACGATTGTTCGTAGCTCTCAAAGTGGTACGACAACATACAACAACAATACTGGCGTCGCCAACTACAATGATAAAGATGAAATGTATCATTATAAGAATTTATCTGAAGATGCGAAAAGTTCAAGCAACATGCAAGAAACCATCCCAGGCACATACGAGTTTATAAAT";"seq43";389;378;458;525;567;824
"12";"ACTTTAATTTTGATCGCCTCCTTATCGATCAAGATCATAATAACCACGTCGTACTATATGCGATTAGCAAAGACCGTCATGAAGTAGTTAAACTTAAGACAACGATGAAAGGGAATAACGTTGACAAAGCTTTTAAAAGTATCGAACCTGACATGCAACCCTATACGGAAATCATCACGAATAAAGATACAATCGACAAAGCAACACACGTGTTTGCACCAAGCAAACCGAAAGACTTAAAGACGTATCGCATGGTCTTCAATACGATCAGTGTTGAACGCATGAACTCAATACTATTTGATGATTCAACGATTGTTCGTAGCTCTCAAAGTGGTACGACAACATACAACAACAATACTGGCGTCGCCAACTACAATGATAAAGATGAAATGTATCATTATAAGAATTTATCTGAAGACGCGAAAAGTTCAAGCAACATGCAAGAAACCATCCCAGGCACATACGAGTTTATAAAT";"seq60";914;933;962;37;23;46
"13";"ACTTTAATTTTGACCGCCTCCTTATCGATCAAGATCATAATAACCACGTCGTACTATATGCGATTAGCAAAGACCGTCATGAAGTAGTTAAACTTAAGACAACCATGAAAGGGAATAATGTTGATAAAGCTTTTAAAAGTATCGAACCTGACATGCAGCCCTATACGGAAATCATCACGAATAAAGATACAATCGACAAAGCAACACACGTGTTTGCACCAAGCAAACCGAAAGACTTAAAGACGTATCGCATGGTCTTCAATACGATTAGTGTTGAACGCATGAACTCAATACTATTTGATGATTCAACGATTGTTCGTAGCTCTCAAAGTGGTACGACAACATACAACAACAATACTGGCGTCGCCAACTACAACGATAAAGATGAAATGTATCATTATAAGAATTTATCTGAAGATGCGAAAAGTTCAAGCAACATGCAAGAAACCATCCCAGGCACATACGAGTTTATAAAT";"seq26";286;252;220;612;584;955
"14";"ACTTTAATTTTGATCGCCTCCTTATCGATCAAGATCATAATAACCACGTCGTACTATATGCGATTAGCAAAGACCGTCATGAAGTAGTTAAACTTAAGACAACGATGAAAGGGAATAATGTTGATAAAGCTTTTAAAAGTATCGAACCTGACATGCAGCCCTATACGGAAATCATCACGAATAAAGATACAATCGACAAAGCAACACACGTGTTTGCACCAAGCAAACCGAAAGACTTAAAGACGTATCGCATGGTCTTCAATACGATTAGTGTTGAACGCATGAACTCAATACTATTTGATGATTCAACGATTGTTCGTAGCTCTCAAAGTGGTACGACAACATACAACAACAATACTGGCGTCGCCAACTACAACGATAAAGATGAAATGTATCATTATAAGAATTTATCTGAAGATGCGAAAAGTTCAAGCAACATGCAAGAAACCATCCCAGGCACATACGAGTTTATAAAT";NA;388;399;450;336;426;541
"15";"ACTTTAATTTTGATCGCCTCCTTATCGATCAAGATCATAATAACCACGTCGTACTATATGCGATTAGCAAAGACCGTCATGAAGTAGTTAAACTTAAGACAACGATGAAAGGGAATAATGTTGATAAAGCTTTTAAAAGTATCGAACCTGACATGCAGCCCTATACGGAAATCATCACGAATAAAGATACAATCGACAAAGCAACACACGTGTTTGCACCAAGCAAACCGAAAGACTTAAAGACGTATCGCATGGTCTTCAATACGATCAGTGTTGAACGCATGAACTCAATACTATTTGATGATTCAACGATTGTTCGTAGCTCTCAAAGTGGTACGACAACATACAACAACAATACTGGCGTCGCCAACTACAACGATAAAGATGAAATGTATCATTATAAGAATTTATCTGAAGATGCGAAAAGTTCAAGCAACATGCAAGAAACCATCCCAGGCACATACGAGTTTATAAAT";NA;342;387;387;380;491;541
"16";"ACTTTAATTTTGATCGCCTCCTTATCGATCAAGATCATAATAACCACGTCGTACTATTTGCGATTAGCAAAGACCGTCATGAAGTAGTTAAACTTAAGACAACGATGAAAGGGAATAATGTTGATAAAGCTTTTAAAAGTATCGAACCTGACATGCAGCCCTATACGGAAATCATCACGAATAAAGATACAATCGACAAAGCAACACACGTGTTTGCACCAAGCAAACCGAAAGACTTAAAGACGTATCGCATGGTCTTCAATACGATCAGTGTTGAACGCATGAACTCAATACTATTTGATGATTCAACGATTGTTCGTAGCTCTCAAAGTGGTACGACAACATACAACAACAATACTGGTGTCGCCAACTATAACGATAAAGATGAAATGTATCATTATAAGAATTTATCTGAAGACGCGAAAAGTTCAAGCAACATGCAAGAAACCATCCCAGGCACATACGAGTTTATAAAT";NA;727;704;765;21;18;31
"17";"ACTTTAATTTTGATCGCCTCCTTATCGATCAAGATCATAATAACCACGTCGTACTATATGCGATTAGCAAAGACCGTCATGAAGTAGTTAAACTTAAGACAACGATGAAAGGGAATAACGTTGACAAAGCTTTTAAAAGTATCGAACCTGACATGCAACCCTATACGGAAATCATCACGAATAAAGATACAATCGACAAAGCAACACACGTGTTTGCACCAAGCAAACCGAAAGACTTAAAGACGTATCGCATGGTCTTCAATACGATCAGTGTTGAACGCATGAACTCAATACTATTTGATGATTCAACGATTGTTCGTAGCTCTCAAAGTGGTACGACAACATACAACAACAATACTGGCGTCGCCAACTACAACGATAAAGATGAAATGTATCATTATAAGAATTTATCTGAAGATGCGAAAAGTTCAAGCAACATGCAAGAAACCATCCCAGGCACATACGAGTTTATAAAT";"seq60";606;646;635;17;16;30
"18";"ACTTTAATTTTGATCGCCTCCTTATCGATCAAGATCATAATAACCACGTCGTACTATATGCGATTAGCAAAGACCGTCATGAAGTAGTTAAACTTAAGACAACGATGAAAGGGAATAATGTTGATAAAGCTTTTAAAAGTATCGAACCTGACATGCAGCCCTATACGGAAATCATCACGAATAAAGATACAATCGACAAAGCAACACACGTGTTTGCCCCAAGCAAACCGAAGGACTTAAAGACGTATCGCATGGTCTTCAATACGATTAGTGTTGAACGCATGAACTCAATACTATTTGATGATTCAACGATTGTTCGTAGCTCTCAAAGTGGTACGACAACATACAACAACAATACTGGTGTCGCCAACTATAACGATAAAGATGAAATGTATCATTATAAGAATTTATCTGAAGACGCGAAAAGTTCAAGCAACATGCAAGAAACCATCCCAGGCACATACGAGTTTATAAAT";NA;485;492;570;0;0;0
"19";"ACTTTAATTTTGATCGCCTCCTTATCGATCAAGATCATAATAACCACGTCGTACTATATGCGATTAGCAAAGACCGTCATGAAGTAGTTAAACTTAAGACAACGATGAAAGGGAATAACGTTGACAAAGCTTTTAAAAGTATCGAACCTGACATGCAACCCTATACGGAAATCATCACGAATAAAGATACAATCGACAAAGCAACACACGTGTTTGCACCAAGCAAACCGAAAGACTTAAAGACGTATCGCATGGTCTTCAATACGATTAGTGTTGAACGCATGAACTCAATACTATTTGATGATTCAACGATTGTTCGTAGCTCTCAAAGTGGTACGACAACATACAACAACAATACTGGCGTCGCCAACTACAACGATAAAGATGAAATGTATCATTATAAGAATTTATCTGAAGATGCGAAAAGTTCAAGCAACATGCAAGAAACCATCCCAGGCACATACGAGTTTATAAAT";NA;452;456;508;0;0;0
"20";"ACTTTAATTTTGATCGCCTCCTTATCGATCAAGATCATAATAACCACGTCGTACTATATGCGATTAGCAAAGACCGTCATGAAGTAGTTAAACTTAAGACAACGATGAAAGGGAATAATGTTGATAAAGCTTTTAAAAGTATCGAACCTGACATGCAGCCCTATACGGAAATCATCACGAATAAAGATACAATCGACAAAGCAACACACGTGTTTGCACCAAGCAAACCGAAAGACTTAAAGACGTATCGCATGGTCTTCAATACGATCAGTGTTGAACGCATGAACTCAATACTATTTGATGATTCAACGATTGTTCGTAGCTCTCAAAGTGGTACGACAACATACAACAACAATACTGGCGTCGCCAACTACAATGATAAAGATGAAATGTATCATTATAAGAATTTATCTGAAGATGCGAAAAGTTCAAGCAACATGCAAGAAACCATCCCAGGCACATACGAGTTTATAAAT";"seq43";175;194;167;241;248;371
"21";"ACTTTAATTTTGATCGCCTCCTTATCGATCAAGATCATAATAACCACGTCGTACTATATGCGATTAGCAAAGACCGTCATGAAGTAGTTAAACTTAAGACAACGATGAAAGGGAATAATGTTGATAAAGCTTTTAAAAGTATCGAACCTGACATGCAGCCCTATACGGAAATCATCACGAATAAAGATACAATCGACAAAGCAACACACGTGTTTGCACCAAGCAAACCGAAAGACTTAAAGACGTATCGCATGGTCTTCAATACGATCAGTGTTGAACGCATGAACTCAATACTATTTGATGATTCAACGATTGTTCGTAGCTCTCAAAGTGGTACGACAACATACAACAACAATACTGGTGTCGCCAACTATAACGATAAAGATGAAATGTATCATTATAAGAATTTATCTGAAGACGCGAAAAGTTCAAGCAACATGCAAGAAACCATCCCAGGCACATACGAGTTTATAAAT";"seq63";387;472;451;27;14;37
"22";"ACTTTAATTTTGATCGCCTCCTTATCGATCAAGATCATAATAACCACGTCGTACTATTTGCGATTAGCAAAGACCGTCATGAAGTAGTTAAACTTAAGACAACGATGAAAGGGAATAATGTTGATAAAGCTTTTAAAAGTATCGAACCTGACATGCAGCCCTATACGGAAATCATCACGAATAAAGATACAATCGACAAAGCAACACACGTGTTTGCCCCAAGCAAACCGAAGGACTTAAAGACGTATCGCATGGTCTTCAATACGATTAGTGTTGAACGCATGAACTCAATACTATTTGATGATTCAACGATTGTTCGTAGCTCTCAAAGTGGTACGACAACATACAACAACAATACTGGCGTCGCCAACTACAATGATAAAGATGAAATGTATCATTATAAGAATTTATCTGAAGACGCGAAAAGTTCAAGCAACATGCAAGAAACCATCCCAGGCACATACGAGTTTATAAAT";NA;106;148;151;206;248;270
"23";"ACTTTAATTTTGATCGCCTCCTTATCGATCAAGATCATAATAACCACGTCGTACTATATGCGATTAGCAAAGACCGTCATGAAGTAGTTAAACTTAAGACAACGATGAAAGGGAATAACGTTGACAAAGCTTTTAAAAGTATCGAACCTGACATGCAACCCTATACGGAAATCATCACGAATAAAGATACAATCGACAAAGCAACACACGTGTTTGCACCAAGCAAACCGAAAGACTTAAAGACGTATCGCATGGTCTTCAATACGATCAGTGTTGAACGCATGAACTCAATACTATTTGATGATTCAACGATTGTTCGTAGCTCTCAAAGTGGTACGACAACATACAACAACAATACTGGTGTCGCCAACTATAACGATAAAGATGAAATGTATCATTATAAGAATTTATCTGAAGATGCGAAAAGTTCAAGCAACATGCAAGAAACCATCCCAGGCACATACGAGTTTATAAAT";"seq62";336;353;378;0;0;0
"24";"ACTTTAATTTTGATCGCCTCCTTATCGATCAAGATCATAATAACCACGTCGTACTATATGCGATTAGCAAAGACCGTCATGAAGTAGTTAAACTTAAGACAACGATGAAAGGGAATAACGTTGATAAAGCTTTTAAAAGTATCGAACCTGATATGCAGCCCTATACGGAAATCATCACGAATAAAGATACAATCGACAAAGCAACACACGTGTTTGCACCAAGCAAACCGAAAGACTTAAAGACGTATCGCATGGTCTTCAATACGATCAGTGTTGAACGCATGAACTCAATACTATTTGATGATTCAACGATTGTTCGTAGCTCTCAAAGTGGTACGACAACATACAACAACAATACTGGCGTCGCCAACTACAATGATAAAGATGAAATGTATCATTATAAGAATTTATCTGAAGACGCGAAAAGTTCAAGCAACATGCAAGAAACCATCCCAGGCACATACGAGTTTATAAAT";NA;307;343;359;0;0;0
"25";"ACTTTAATTTTGATCGCCTCCTTATCGATCAAGATCATAATAACCACGTCGTACTATATGCGATTAGCAAAGACCGTCATGAAGTAGTTAAACTTAAGACAACGATGAAAGGGAATAACGTTGACAAAGCTTTTAAAAGTATCGAACCTGACATGCAACCCTATACGGAAATCATCACGAATAAAGATACAATCGACAAAGCAACACACGTGTTTGCCCCAAGCAAACCGAAGGACTTAAAGACGTATCGCATGGTCTTCAATACGATTAGTGTTGAACGCATGAACTCAATACTATTTGATGATTCAACGATTGTTCGTAGCTCTCAAAGTGGTACGACAACATACAACAACAATACTGGCGTCGCCAACTACAACGATAAAGATGAAATGTATCATTATAAGAATTTATCTGAAGATGCGAAAAGTTCAAGCAACATGCAAGAAACCATCCCAGGCACATACGAGTTTATAAAT";NA;313;266;392;0;0;0
"26";"ACTTTAATTTTGATCGCCTCCTTATCGATCAAGATCATAATAACCACGTCGTACTATATGCGATTAGCAAAGACCGTCATGAAGTAGTTAAACTTAAGACAACGATGAAAGGGAATAACGTTGATAAAGCTTTTAAAAGTATCGAACCTGATATGCAGCCCTATACGGAAATCATCACGAATAAAGATACAATCGACAAAGCAACACACGTGTTTGCACCAAGCAAACCGAAAGACTTAAAGACGTATCGCATGGTCTTCAATACGATTAGTGTTGAACGCATGAACTCAATACTATTTGATGATTCAACGATTGTTCGTAGCTCTCAAAGTGGTACGACAACATACAACAACAATACTGGCGTCGCCAACTACAATGATAAAGATGAAATGTATCATTATAAGAATTTATCTGAAGACGCGAAAAGTTCAAGCAACATGCAAGAAACCATCCCAGGCACATACGAGTTTATAAAT";"seq14";299;269;312;0;0;0
"27";"ACTTTAATTTTGATCGCCTCCTTATCGATCAAGATCATAATAACCACGTCGTACTATATGCGATTAGCAAAGACCGTCATGAAGTAGTTAAACTTAAGACAACCATGAAAGGGAATAATGTTGATAAAGCTTTTAAAAGTATCGAACCTGACATGCAGCCCTATACGGAAATCATCACGAATAAAGATACAATCGACAAAGCAACACACGTGTTTGCACCAAGCAAACCGAAAGACTTAAAGACGTATCGCATGGTCTTCAATACGATTAGTGTTGAACGCATGAACTCAATACTATTTGATGATTCAACGATTGTTCGTAGCTCTCAAAGTGGTACGACAACATACAACAACAATACTGGCGTCGCCAACTACAACGATAAAGATGAAATGTATCATTATAAGAATTTATCTGAAGATGCGAAAAGTTCAAGCAACATGCAAGAAACCATCCCAGGCACATACGAGTTTATAAAT";"seq10";0;0;97;198;195;307
"28";"ACTTTAATTTTGATCGCCTCCTTATCGATCAAGATCATAATAACCACGTCGTACTATTTGCGATTAGCAAAGACCGTCATGAAGTAGTTAAACTTAAGACAACGATGAAAGGGAATAATGTTGATAAAGCTTTTAAAAGTATCGAACCTGACATGCAGCCCTATACGGAAATCATCACGAATAAAGATACAATCGACAAAGCAACACACGTGTTTGCCCCAAGCAAACCGAAGGACTTAAAGACGTATCGCATGGTCTTCAATACGATTAGTGTTGAACGCATGAACTCAATACTATTTGATGATTCAACGATTGTTCGTAGCTCTCAAAGTGGTACGACAACATACAACAACAATACTGGCGTCGCCAACTACAACGATAAAGATGAAATGTATCATTATAAGAATTTATCTGAAGACGCGAAAAGTTCAAGCAACATGCAAGAAACCATCCCAGGCACATACGAGTTTATAAAT";"seq2";98;116;132;111;149;175
"29";"ACTTTAATTTTGATCGCCTCCTTATCGATCAAGATCATAATAACCACGTCGTACTATATGCGATTAGCAAAGACCGTCATGAAGTAGTTAAACTTAAGACAACGATGAAAGGGAATAACGTTGATAAAGCTTTTAAAAGTATCGAACCTGATATGCAGCCCTATACGGAAATCATCACGAATAAAGATACAATCGACAAAGCAACACACGTGTTTGCACCAAGCAAACCGAAAGACTTAAAGACGTATCGCATGGTCTTCAATACGATCAGTGTTGAACGCATGAACTCAATACTATTTGATGATTCAACGATTGTTCGTAGCTCTCAAAGTGGTACGACAACATACAACAACAATACTGGTGTCGCCAACTATAACGATAAAGATGAAATGTATCATTATAAGAATTTATCTGAAGACGCGAAAAGTTCAAGCAACATGCAAGAAACCATCCCAGGCACATACGAGTTTATAAAT";NA;214;219;256;0;0;0
"30";"ACTTTAATTTTGATCGCCTCCTTATCGATCAAGATCATAATAACCACGTCGTACTATTTGCGATTAGCAAAGACCGTCATGAAGTAGTTAAACTTAAGACAACGATGAAAGGGAATAACGTTGACAAAGCTTTTAAAAGTATCGAACCTGACATGCAACCCTATACGGAAATCATCACGAATAAAGATACAATCGACAAAGCAACACACGTGTTTGCACCAAGCAAACCGAAAGACTTAAAGACGTATCGCATGGTCTTCAATACGATCAGTGTTGAACGCATGAACTCAATACTATTTGATGATTCAACGATTGTTCGTAGCTCTCAAAGTGGTACGACAACATACAACAACAATACTGGTGTCGCCAACTATAACGATAAAGATGAAATGTATCATTATAAGAATTTATCTGAAGACGCGAAAAGTTCAAGCAACATGCAAGAAACCATCCCAGGCACATACGAGTTTATAAAT";"seq62";203;265;221;0;0;0
"31";"ACTTTAATTTTGATCGCCTCCTTATCGATCAAGATCATAATAACCACGTCGTACTATATGCGATTAGCAAAGACCGTCATGAAGTAGTTAAACTTAAGACAACGATGAAAGGGAATAACGTTGATAAAGCTTTTAAAAGTATCGAACCTGATATGCAGCCCTATACGGAAATCATCACGAATAAAGATACAATCGACAAAGCAACACACGTGTTTGCCCCAAGCAAACCGAAGGACTTAAAGACGTATCGCATGGTCTTCAATACGATTAGTGTTGAACGCATGAACTCAATACTATTTGATGATTCAACGATTGTTCGTAGCTCTCAAAGTGGTACGACAACATACAACAACAATACTGGCGTCGCCAACTACAACGATAAAGATGAAATGTATCATTATAAGAATTTATCTGAAGATGCGAAAAGTTCAAGCAACATGCAAGAAACCATCCCAGGCACATACGAGTTTATAAAT";NA;185;234;232;0;0;0
"32";"ACTTTAATTTTGATCGCCTCCTTATCGATCAAGATCATAATAACCACGTCGTACTATATGCGATTAGCAAAGACCGTCATGAAGTAGTTAAACTTAAGACAACGATGAAAGGGAATAACGTTGATAAAGCTTTTAAAAGTATCGAACCTGATATGCAGCCCTATACGGAAATCATCACGAATAAAGATACAATCGACAAAGCAACACACGTGTTTGCACCAAGCAAACCGAAAGACTTAAAGACGTATCGCATGGTCTTCAATACGATTAGTGTTGAACGCATGAACTCAATACTATTTGATGATTCAACGATTGTTCGTAGCTCTCAAAGTGGTACGACAACATACAACAACAATACTGGTGTCGCCAACTATAACGATAAAGATGAAATGTATCATTATAAGAATTTATCTGAAGACGCGAAAAGTTCAAGCAACATGCAAGAAACCATCCCAGGCACATACGAGTTTATAAAT";NA;204;160;203;0;0;0
"33";"ACTTTAATTTTGACCGCCTCCTTATCGATCAAGATCATAATAACCACGTCGTACTATATGCGATTAGCAAAGACCGTCATGAAGTAGTTAAACTTAAGACAACCATGAAAGGGAATAATGTTGATAAAGCTTTTAAAAGTATCGAACCTGACATGCAGCCCTATACGGAAATCATCACGAATAAAGATACAATCGACAAAGCAACACACGTGTTTGCCCCAAGCAAACCGAAGGACTTAAAGACGTATCGCATGGTCTTCAATACGATTAGTGTTGAACGCATGAACTCAATACTATTTGATGATTCAACGATTGTTCGTAGCTCTCAAAGTGGTACGACAACATACAACAACAATACTGGCGTCGCCAACTACAACGATAAAGATGAAATGTATCATTATAAGAATTTATCTGAAGATGCGAAAAGTTCAAGCAACATGCAAGAAACCATCCCAGGCACATACGAGTTTATAAAT";"seq24";0;0;0;161;150;244
"34";"ACTTTAATTTTGATCGCCTCCTTATCGATCAAGATCATAATAACCACGTCGTACTATATGCGATTAGCAAAGACCGTCATGAAGTAGTTAAACTTAAGACAACGATGAAAGGGAATAACGTTGATAAAGCTTTTAAAAGTATCGAACCTGATATGCAGCCCTATACGGAAATCATCACGAATAAAGATACAATCGACAAAGCAACACACGTGTTTGCACCAAGCAAACCGAAAGACTTAAAGACGTATCGCATGGTCTTCAATACGATTAGTGTTGAACGCATGAACTCAATACTATTTGATGATTCAACGATTGTTCGTAGCTCTCAAAGTGGTACGACAACATACAACAACAATACTGGCGTCGCCAACTACAACGATAAAGATGAAATGTATCATTATAAGAATTTATCTGAAGACGCGAAAAGTTCAAGCAACATGCAAGAAACCATCCCAGGCACATACGAGTTTATAAAT";"seq14";0;238;277;0;0;0
"35";"ACTTTAATTTTGATCGCCTCCTTATCGATCAAGATCATAATAACCACGTCGTACTATATGCGATTAGCAAAGACCGTCATGAAGTAGTTAAACTTAAGACAACGATGAAAGGGAATAATGTTGATAAAGCTTTTAAAAGTATCGAACCTGACATGCAACCCTATACGGAAATCATCACGAATAAAGATACAATCGACAAAGCAACACACGTGTTTGCACCAAGCAAACCGAAAGACTTAAAGACGTATCGCATGGTCTTCAATACGATCAGTGTTGAACGCATGAACTCAATACTATTTGATGATTCAACGATTGTTCGTAGCTCTCAAAGTGGTACGACAACATACAACAACAATACTGGTGTCGCCAACTATAACGATAAAGATGAAATGTATCATTATAAGAATTTATCTGAAGACGCGAAAAGTTCAAGCAACATGCAAGAAACCATCCCAGGCACATACGAGTTTATAAAT";"seq62";134;165;171;0;0;0
"36";"ACTTTAATTTTGATCGCCTCCTTATCGATCAAGATCATAATAACCACGTCGTACTATATGCGATTAGCAAAGACCGTCATGAAGTAGTTAAACTTAAGACAACGATGAAAGGGAATAACGTTGACAAAGCTTTTAAAAGTATCGAACCTGACATGCAACCCTATACGGAAATCATCACGAATAAAGATACAATCGACAAAGCAACACACGTGTTTGCACCAAGCAAACCGAAAGACTTAAAGACGTATCGCATGGTCTTCAATACGATCAGTGTTGAACGCATGAACTCAATACTATTTGATGATTCAACGATTGTTCGTAGCTCTCAAAGTGGTACGACAACATACAACAACAATACTGGCGTCGCCAACTACAATGATAAAGATGAAATGTATCATTATAAGAATTTATCTGAAGATGCGAAAAGTTCAAGCAACATGCAAGAAACCATCCCAGGCACATACGAGTTTATAAAT";NA;107;137;126;4;3;2
"37";"ACTTTAATTTTGATCGCCTCCTTATCGATCAAGATCATAATAACCACGTCGTACTATTTGCGATTAGCAAAGACCGTCATGAAGTAGTTAAACTTAAGACAACGATGAAAGGGAATAATGTTGATAAAGCTTTTAAAAGTATCGAACCTGACATGCAGCCCTATACGGAAATCATCACGAATAAAGATACAATCGACAAAGCAACACACGTGTTTGCCCCAAGCAAACCGAAGGACTTAAAGACGTATCGCATGGTCTTCAATACGATTAGTGTTGAACGCATGAACTCAATACTATTTGATGATTCAACGATTGTTCGTAGCTCTCAAAGTGGTACGACAACATACAACAACAATACTGGTGTCGCCAACTATAACGATAAAGATGAAATGTATCATTATAAGAATTTATCTGAAGACGCGAAAAGTTCAAGCAACATGCAAGAAACCATCCCAGGCACATACGAGTTTATAAAT";NA;108;137;131;0;0;0
"38";"ACTTTAATTTTGATCGCCTCCTTATCGATCAAGATCATAATAACCACGTCGTACTATATGCGATTAGCAAAGACCGTCATGAAGTAGTTAAACTTAAGACAACGATGAAAGGGAATAACGTTGATAAAGCTTTTAAAAGTATCGAACCTGATATGCAGCCCTATACGGAAATCATCACGAATAAAGATACAATCGACAAAGCAACACACGTGTTTGCACCAAGCAAACCGAAAGACTTAAAGACGTATCGCATGGTCTTCAATACGATCAGTGTTGAACGCATGAACTCAATACTATTTGATGATTCAACGATTGTTCGTAGCTCTCAAAGTGGTACGACAACATACAACAACAATACTGGCGTCGCCAACTACAACGATAAAGATGAAATGTATCATTATAAGAATTTATCTGAAGATGCGAAAAGTTCAAGCAACATGCAAGAAACCATCCCAGGCACATACGAGTTTATAAAT";"seq14";105;131;101;0;0;0
"39";"ACTTTAATTTTGATCGCCTCCTTATCGATCAAGATCATAATAACCACGTCGTACTATATGCGATTAGCAAAGACCGTCATGAAGTAGTTAAACTTAAGACAACGATGAAAGGGAATAATGTTGATAAAGCTTTTAAAAGTATCGAACCTGATATGCAGCCCTATACGGAAATCATCACGAATAAAGATACAATCGACAAAGCAACACACGTGTTTGCACCAAGCAAACCGAAAGACTTAAAGACGTATCGCATGGTCTTCAATACGATTAGTGTTGAACGCATGAACTCAATACTATTTGATGATTCAACGATTGTTCGTAGCTCTCAAAGTGGTACGACAACATACAACAACAATACTGGCGTCGCCAACTACAACGATAAAGATGAAATGTATCATTATAAGAATTTATCTGAAGATGCGAAAAGTTCAAGCAACATGCAAGAAACCATCCCAGGCACATACGAGTTTATAAAT";"seq14";0;150;181;0;0;0
"40";"ACTTTAATTTTGATCGCCTCCTTATCGATCAAGATCATAATAACCACGTCGTACTATTTGCGATTAGCAAAGACCGTCATGAAGTAGTTAAACTTAAGACAACGATGAAAGGGAATAATGTTGATAAAGCTTTTAAAAGTATCGAACCTGACATGCAGCCCTATACGGAAATCATCACGAATAAAGATACAATCGACAAAGCAACACACGTGTTTGCACCAAGCAAACCGAAAGACTTAAAGACGTATCGCATGGTCTTCAATACGATTAGTGTTGAACGCATGAACTCAATACTATTTGATGATTCAACGATTGTTCGTAGCTCTCAAAGTGGTACGACAACATACAACAACAATACTGGCGTCGCCAACTACAATGATAAAGATGAAATGTATCATTATAAGAATTTATCTGAAGACGCGAAAAGTTCAAGCAACATGCAAGAAACCATCCCAGGCACATACGAGTTTATAAAT";NA;98;107;90;0;0;0
"41";"ACTTTAATTTTGATCGCCTCCTTATCGATCAAGATCATAATAACCACGTCGTACTATTTGCGATTAGCAAAGACCGTCATGAAGTAGTTAAACTTAAGACAACGATGAAAGGGAATAATGTTGATAAAGCTTTTAAAAGTATCGAACCTGACATGCAGCCCTATACGGAAATCATCACGAATAAAGATACAATCGACAAAGCAACACACGTGTTTGCACCAAGCAAACCGAAAGACTTAAAGACGTATCGCATGGTCTTCAATACGATCAGTGTTGAACGCATGAACTCAATACTATTTGATGATTCAACGATTGTTCGTAGCTCTCAAAGTGGTACGACAACATACAACAACAATACTGGTGTCGCCAACTATAACGATAAAGATGAAATGTATCATTATAAGAATTTATCTGAAGATGCGAAAAGTTCAAGCAACATGCAAGAAACCATCCCAGGCACATACGAGTTTATAAAT";NA;74;102;110;0;0;0
"42";"ACTTTAATTTTGATCGCCTCCTTATCGATCAAGATCATAATAACCACGTCGTACTATTTGCGATTAGCAAAGACCGTCATGAAGTAGTTAAACTTAAGACAACGATGAAAGGGAATAACGTTGACAAAGCTTTTAAAAGTATCGAACCTGACATGCAACCCTATACGGAAATCATCACGAATAAAGATACAATCGACAAAGCAACACACGTGTTTGCACCAAGCAAACCGAAAGACTTAAAGACGTATCGCATGGTCTTCAATACGATCAGTGTTGAACGCATGAACTCAATACTATTTGATGATTCAACGATTGTTCGTAGCTCTCAAAGTGGTACGACAACATACAACAACAATACTGGCGTCGCCAACTACAATGATAAAGATGAAATGTATCATTATAAGAATTTATCTGAAGACGCGAAAAGTTCAAGCAACATGCAAGAAACCATCCCAGGCACATACGAGTTTATAAAT";NA;74;105;85;0;0;0
"43";"ACTTTAATTTTGATCGCCTCCTTATCGATCAAGATCATAATAACCACGTCGTACTATATGCGATTAGCAAAGACCGTCATGAAGTAGTTAAACTTAAGACAACGATGAAAGGGAATAACGTTGACAAAGCTTTTAAAAGTATCGAACCTGACATGCAACCCTATACGGAAATCATCACGAATAAAGATACAATCGACAAAGCAACACACGTGTTTGCACCAAGCAAACCGAAAGACTTAAAGACGTATCGCATGGTCTTCAATACGATTAGTGTTGAACGCATGAACTCAATACTATTTGATGATTCAACGATTGTTCGTAGCTCTCAAAGTGGTACGACAACATACAACAACAATACTGGCGTCGCCAACTACAATGATAAAGATGAAATGTATCATTATAAGAATTTATCTGAAGACGCGAAAAGTTCAAGCAACATGCAAGAAACCATCCCAGGCACATACGAGTTTATAAAT";NA;73;68;69;0;0;0
"44";"ACTTTAATTTTGATCGCCTCCTTATCGATCAAGATCATAATAACCACGTCGTACTATTTGCGATTAGCAAAGACCGTCATGAAGTAGTTAAACTTAAGACAACGATGAAAGGGAATAACGTTGACAAAGCTTTTAAAAGTATCGAACCTGACATGCAACCCTATACGGAAATCATCACGAATAAAGATACAATCGACAAAGCAACACACGTGTTTGCACCAAGCAAACCGAAAGACTTAAAGACGTATCGCATGGTCTTCAATACGATCAGTGTTGAACGCATGAACTCAATACTATTTGATGATTCAACGATTGTTCGTAGCTCTCAAAGTGGTACGACAACATACAACAACAATACTGGCGTCGCCAACTACAACGATAAAGATGAAATGTATCATTATAAGAATTTATCTGAAGATGCGAAAAGTTCAAGCAACATGCAAGAAACCATCCCAGGCACATACGAGTTTATAAAT";NA;61;78;69;0;0;0
"45";"ACTTTAATTTTGATCGCCTCCTTATCGATCAAGATCATAATAACCACGTCGTACTATATGCGATTAGCAAAGACCGTCATGAAGTAGTTAAACTTAAGACAACGATGAAAGGGAATAATGTTGATAAAGCTTTTAAAAGTATCGAACCTGACATGCAGCCCTATACGGAAATCATCACGAATAAAGATACAATCGACAAAGCAACACACGTGTTTGCACCAAGCAAACCGAAAGACTTAAAGACGTATCGCATGGTCTTCAATACGATCAGTGTTGAACGCATGAACTCAATACTATTTGATGATTCAACGATTGTTCGTAGCTCTCAAAGTGGTACGACAACATACAACAACAATACTGGTGTCGCCAACTATAACGATAAAGATGAAATGTATCATTATAAGAATTTATCTGAAGATGCGAAAAGTTCAAGCAACATGCAAGAAACCATCCCAGGCACATACGAGTTTATAAAT";NA;67;72;65;0;0;0
"46";"ACTTTAATTTTGATCGCCTCCTTATCGATCAAGATCATAATAACCACGTCGTACTATATGCGATTAGCAAAGACCGTCATGAAGTAGTTAAACTTAAGACAACGATGAAAGGGAATAACGTTGACAAAGCTTTTAAAAGTATCGAACCTGACATGCAACCCTATACGGAAATCATCACGAATAAAGATACAATCGACAAAGCAACACACGTGTTTGCACCAAGCAAACCGAAAGACTTAAAGACGTATCGCATGGTCTTCAATACGATTAGTGTTGAACGCATGAACTCAATACTATTTGATGATTCAACGATTGTTCGTAGCTCTCAAAGTGGTACGACAACATACAACAACAATACTGGTGTCGCCAACTATAACGATAAAGATGAAATGTATCATTATAAGAATTTATCTGAAGACGCGAAAAGTTCAAGCAACATGCAAGAAACCATCCCAGGCACATACGAGTTTATAAAT";"seq61";59;53;68;0;0;0
"47";"ACTTTAATTTTGATCGCCTCCTTATCGATCAAGATCATAATAACCACGTCGTACTATATGCGATTAGCAAAGACCGTCATGAAGTAGTTAAACTTAAGACAACGATGAAAGGGAATAATGTTGATAAAGCTTTTAAAAGTATCGAACCTGACATGCAACCCTATACGGAAATCATCACGAATAAAGATACAATCGACAAAGCAACACACGTGTTTGCACCAAGCAAACCGAAAGACTTAAAGACGTATCGCATGGTCTTCAATACGATCAGTGTTGAACGCATGAACTCAATACTATTTGATGATTCAACGATTGTTCGTAGCTCTCAAAGTGGTACGACAACATACAACAACAATACTGGCGTCGCCAACTACAATGATAAAGATGAAATGTATCATTATAAGAATTTATCTGAAGACGCGAAAAGTTCAAGCAACATGCAAGAAACCATCCCAGGCACATACGAGTTTATAAAT";"seq43";52;68;53;0;0;0
"48";"ACTTTAATTTTGATCGCCTCCTTATCGATCAAGATCATAATAACCACGTCGTACTATATGCGATTAGCAAAGACCGTCATGAAGTAGTTAAACTTAAGACAACGATGAAAGGGAATAATGTTGATAAAGCTTTTAAAAGTATCGAACCTGACATGCAGCCCTATACGGAAATCATCACGAATAAAGATACAATCGACAAAGCAACACACGTGTTTGCACCAAGCAAACCGAAAGACTTAAAGACGTATCGCATGGTCTTCAATACGATTAGTGTTGAACGCATGAACTCAATACTATTTGATGATTCAACGATTGTTCGTAGCTCTCAAAGTGGTACGACAACATACAACAACAATACTGGCGTCGCCAACTACAATGATAAAGATGAAATGTATCATTATAAGAATTTATCTGAAGACGCGAAAAGTTCAAGCAACATGCAAGAAACCATCCCAGGCACATACGAGTTTATAAAT";NA;45;62;63;0;0;0
"49";"ACTTTAATTTTGATCGCCTCCTTATCGATCAAGATCATAATAACCACGTCGTACTATTTGCGATTAGCAAAGACCGTCATGAAGTAGTTAAACTTAAGACAACGATGAAAGGGAATAACGTTGATAAAGCTTTTAAAAGTATCGAACCTGATATGCAGCCCTATACGGAAATCATCACGAATAAAGATACAATCGACAAAGCAACACACGTGTTTGCACCAAGCAAACCGAAAGACTTAAAGACGTATCGCATGGTCTTCAATACGATTAGTGTTGAACGCATGAACTCAATACTATTTGATGATTCAACGATTGTTCGTAGCTCTCAAAGTGGTACGACAACATACAACAACAATACTGGCGTCGCCAACTACAACGATAAAGATGAAATGTATCATTATAAGAATTTATCTGAAGATGCGAAAAGTTCAAGCAACATGCAAGAAACCATCCCAGGCACATACGAGTTTATAAAT";"seq14";0;161;0;0;0;0
"50";"ACTTTAATTTTGATCGCCTCCTTATCGATCAAGATCATAATAACCACGTCGTACTATATGCGATTAGCAAAGACCGTCATGAAGTAGTTAAACTTAAGACAACGATGAAAGGGAATAACGTTGACAAAGCTTTTAAAAGTATCGAACCTGACATGCAGCCCTATACGGAAATCATCACGAATAAAGATACAATCGACAAAGCAACACACGTGTTTGCCCCAAGCAAACCGAAGGACTTAAAGACGTATCGCATGGTCTTCAATACGATTAGTGTTGAACGCATGAACTCAATACTATTTGATGATTCAACGATTGTTCGTAGCTCTCAAAGTGGTACGACAACATACAACAACAATACTGGCGTCGCCAACTACAACGATAAAGATGAAATGTATCATTATAAGAATTTATCTGAAGATGCGAAAAGTTCAAGCAACATGCAAGAAACCATCCCAGGCACATACGAGTTTATAAAT";"seq2";0;160;0;0;0;0
"51";"ACTTTAATTTTGATCGCCTCCTTATCGATCAAGATCATAATAACCACGTCGTACTATTTGCGATTAGCAAAGACCGTCATGAAGTAGTTAAACTTAAGACAACGATGAAAGGGAATAATGTTGATAAAGCTTTTAAAAGTATCGAACCTGACATGCAGCCCTATACGGAAATCATCACGAATAAAGATACAATCGACAAAGCAACACACGTGTTTGCACCAAGCAAACCGAAAGACTTAAAGACGTATCGCATGGTCTTCAATACGATTAGTGTTGAACGCATGAACTCAATACTATTTGATGATTCAACGATTGTTCGTAGCTCTCAAAGTGGTACGACAACATACAACAACAATACTGGTGTCGCCAACTATAACGATAAAGATGAAATGTATCATTATAAGAATTTATCTGAAGACGCGAAAAGTTCAAGCAACATGCAAGAAACCATCCCAGGCACATACGAGTTTATAAAT";"seq63";46;57;52;0;0;0
"52";"ACTTTAATTTTGATCGCCTCCTTATCGATCAAGATCATAATAACCACGTCGTACTATTTGCGATTAGCAAAGACCGTCATGAAGTAGTTAAACTTAAGACAACGATGAAAGGGAATAATGTTGATAAAGCTTTTAAAAGTATCGAACCTGACATGCAGCCCTATACGGAAATCATCACGAATAAAGATACAATCGACAAAGCAACACACGTGTTTGCACCAAGCAAACCGAAAGACTTAAAGACGTATCGCATGGTCTTCAATACGATTAGTGTTGAACGCATGAACTCAATACTATTTGATGATTCAACGATTGTTCGTAGCTCTCAAAGTGGTACGACAACATACAACAACAATACTGGCGTCGCCAACTACAACGATAAAGATGAAATGTATCATTATAAGAATTTATCTGAAGACGCGAAAAGTTCAAGCAACATGCAAGAAACCATCCCAGGCACATACGAGTTTATAAAT";NA;0;88;65;0;0;0
"53";"ACTTTAATTTTGATCGCCTCCTTATCGATCAAGATCATAATAACCACGTCGTACTATATGCGATTAGCAAAGACCGTCATGAAGTAGTTAAACTTAAGACAACGATGAAAGGGAATAACGTTGACAAAGCTTTTAAAAGTATCGAACCTGACATGCAACCCTATACGGAAATCATCACGAATAAAGATACAATCGACAAAGCAACACACGTGTTTGCCCCAAGCAAACCGAAGGACTTAAAGACGTATCGCATGGTCTTCAATACGATTAGTGTTGAACGCATGAACTCAATACTATTTGATGATTCAACGATTGTTCGTAGCTCTCAAAGTGGTACGACAACATACAACAACAATACTGGCGTCGCCAACTACAATGATAAAGATGAAATGTATCATTATAAGAATTTATCTGAAGACGCGAAAAGTTCAAGCAACATGCAAGAAACCATCCCAGGCACATACGAGTTTATAAAT";NA;30;49;63;0;0;0
"54";"ACTTTAATTTTGATCGCCTCCTTATCGATCAAGATCATAATAACCACGTCGTACTATATGCGATTAGCAAAGACCGTCATGAAGTAGTTAAACTTAAGACAACGATGAAAGGGAATAACGTTGACAAAGCTTTTAAAAGTATCGAACCTGACATGCAACCCTATACGGAAATCATCACGAATAAAGATACAATCGACAAAGCAACACACGTGTTTGCCCCAAGCAAACCGAAGGACTTAAAGACGTATCGCATGGTCTTCAATACGATTAGTGTTGAACGCATGAACTCAATACTATTTGATGATTCAACGATTGTTCGTAGCTCTCAAAGTGGTACGACAACATACAACAACAATACTGGTGTCGCCAACTATAACGATAAAGATGAAATGTATCATTATAAGAATTTATCTGAAGACGCGAAAAGTTCAAGCAACATGCAAGAAACCATCCCAGGCACATACGAGTTTATAAAT";"seq61";49;37;53;0;0;0
"55";"ACTTTAATTTTGATCGCCTCCTTATCGATCAAGATCATAATAACCACGTCGTACTATATGCGATTAGCAAAGACCGTCATGAAGTAGTTAAACTTAAGACAACGATGAAAGGGAATAACGTTGACAAAGCTTTTAAAAGTATCGAACCTGACATGCAACCCTATACGGAAATCATCACGAATAAAGATACAATCGACAAAGCAACACACGTGTTTGCCCCAAGCAAACCGAAGGACTTAAAGACGTATCGCATGGTCTTCAATACGATTAGTGTTGAACGCATGAACTCAATACTATTTGATGATTCAACGATTGTTCGTAGCTCTCAAAGTGGTACGACAACATACAACAACAATACTGGCGTCGCCAACTACAACGATAAAGATGAAATGTATCATTATAAGAATTTATCTGAAGACGCGAAAAGTTCAAGCAACATGCAAGAAACCATCCCAGGCACATACGAGTTTATAAAT";NA;46;37;56;0;0;0
"56";"ACTTTAATTTTGATCGCCTCCTTATCGATCAAGATCATAATAACCACGTCGTACTATATGCGATTAGCAAAGACCGTCATGAAGTAGTTAAACTTAAGACAACGATGAAAGGGAATAACGTTGATAAAGCTTTTAAAAGTATCGAACCTGATATGCAGCCCTATACGGAAATCATCACGAATAAAGATACAATCGACAAAGCAACACACGTGTTTGCACCAAGCAAACCGAAAGACTTAAAGACGTATCGCATGGTCTTCAATACGATCAGTGTTGAACGCATGAACTCAATACTATTTGATGATTCAACGATTGTTCGTAGCTCTCAAAGTGGTACGACAACATACAACAACAATACTGGCGTCGCCAACTACAATGATAAAGATGAAATGTATCATTATAAGAATTTATCTGAAGATGCGAAAAGTTCAAGCAACATGCAAGAAACCATCCCAGGCACATACGAGTTTATAAAT";"seq14";44;43;49;0;0;0
"57";"ACTTTAATTTTGATCGCCTCCTTATCGATCAAGATCATAATAACCACGTCGTACTATATGCGATTAGCAAAGACCGTCATGAAGTAGTTAAACTTAAGACAACGATGAAAGGGAATAATGTTGATAAAGCTTTTAAAAGTATCGAACCTGACATGCAACCCTATACGGAAATCATCACGAATAAAGATACAATCGACAAAGCAACACACGTGTTTGCACCAAGCAAACCGAAAGACTTAAAGACGTATCGCATGGTCTTCAATACGATCAGTGTTGAACGCATGAACTCAATACTATTTGATGATTCAACGATTGTTCGTAGCTCTCAAAGTGGTACGACAACATACAACAACAATACTGGCGTCGCCAACTACAACGATAAAGATGAAATGTATCATTATAAGAATTTATCTGAAGATGCGAAAAGTTCAAGCAACATGCAAGAAACCATCCCAGGCACATACGAGTTTATAAAT";NA;34;48;48;0;0;0
"58";"ACTTTAATTTTGATCGCCTCCTTATCGATCAAGATCATAATAACCACGTCGTACTATTTGCGATTAGCAAAGACCGTCATGAAGTAGTTAAACTTAAGACAACGATGAAAGGGAATAATGTTGATAAAGCTTTTAAAAGTATCGAACCTGATATGCAGCCCTATACGGAAATCATCACGAATAAAGATACAATCGACAAAGCAACACACGTGTTTGCACCAAGCAAACCGAAAGACTTAAAGACGTATCGCATGGTCTTCAATACGATTAGTGTTGAACGCATGAACTCAATACTATTTGATGATTCAACGATTGTTCGTAGCTCTCAAAGTGGTACGACAACATACAACAACAATACTGGCGTCGCCAACTACAACGATAAAGATGAAATGTATCATTATAAGAATTTATCTGAAGATGCGAAAAGTTCAAGCAACATGCAAGAAACCATCCCAGGCACATACGAGTTTATAAAT";"seq14";0;0;128;0;0;0
"59";"ACTTTAATTTTGATCGCCTCCTTATCGATCAAGATCATAATAACCACGTCGTACTATATGCGATTAGCAAAGACCGTCATGAAGTAGTTAAACTTAAGACAACGATGAAAGGGAATAATGTTGATAAAGCTTTTAAAAGTATCGAACCTGACATGCAGCCCTATACGGAAATCATCACGAATAAAGATACAATCGACAAAGCAACACACGTGTTTGCACCAAGCAAACCGAAAGACTTAAAGACGTATCGCATGGTCTTCAATACGATTAGTGTTGAACGCATGAACTCAATACTATTTGATGATTCAACGATTGTTCGTAGCTCTCAAAGTGGTACGACAACATACAACAACAATACTGGTGTCGCCAACTATAACGATAAAGATGAAATGTATCATTATAAGAATTTATCTGAAGACGCGAAAAGTTCAAGCAACATGCAAGAAACCATCCCAGGCACATACGAGTTTATAAAT";"seq63";32;43;41;0;0;0
"60";"ACTTTAATTTTGATCGCCTCCTTATCGATCAAGATCATAATAACCACGTCGTACTATATGCGATTAGCAAAGACCGTCATGAAGTAGTTAAACTTAAGACAACGATGAAAGGGAATAACGTTGACAAAGCTTTTAAAAGTATCGAACCTGACATGCAACCCTATACGGAAATCATCACGAATAAAGATACAATCGACAAAGCAACACACGTGTTTGCACCAAGCAAACCGAAAGACTTAAAGACGTATCGCATGGTCTTCAATACGATTAGTGTTGAACGCATGAACTCAATACTATTTGATGATTCAACGATTGTTCGTAGCTCTCAAAGTGGTACGACAACATACAACAACAATACTGGCGTCGCCAACTACAACGATAAAGATGAAATGTATCATTATAAGAATTTATCTGAAGACGCGAAAAGTTCAAGCAACATGCAAGAAACCATCCCAGGCACATACGAGTTTATAAAT";NA;0;49;63;0;0;0
"61";"ACTTTAATTTTGATCGCCTCCTTATCGATCAAGATCATAATAACCACGTCGTACTATTTGCGATTAGCAAAGACCGTCATGAAGTAGTTAAACTTAAGACAACGATGAAAGGGAATAACGTTGACAAAGCTTTTAAAAGTATCGAACCTGACATGCAACCCTATACGGAAATCATCACGAATAAAGATACAATCGACAAAGCAACACACGTGTTTGCACCAAGCAAACCGAAAGACTTAAAGACGTATCGCATGGTCTTCAATACGATCAGTGTTGAACGCATGAACTCAATACTATTTGATGATTCAACGATTGTTCGTAGCTCTCAAAGTGGTACGACAACATACAACAACAATACTGGTGTCGCCAACTATAACGATAAAGATGAAATGTATCATTATAAGAATTTATCTGAAGATGCGAAAAGTTCAAGCAACATGCAAGAAACCATCCCAGGCACATACGAGTTTATAAAT";"seq62";39;33;39;0;0;0
"62";"ACTTTAATTTTGATCGCCTCCTTATCGATCAAGATCATAATAACCACGTCGTACTATATGCGATTAGCAAAGACCGTCATGAAGTAGTTAAACTTAAGACAACGATGAAAGGGAATAACGTTGATAAAGCTTTTAAAAGTATCGAACCTGATATGCAGCCCTATACGGAAATCATCACGAATAAAGATACAATCGACAAAGCAACACACGTGTTTGCACCAAGCAAACCGAAAGACTTAAAGACGTATCGCATGGTCTTCAATACGATCAGTGTTGAACGCATGAACTCAATACTATTTGATGATTCAACGATTGTTCGTAGCTCTCAAAGTGGTACGACAACATACAACAACAATACTGGTGTCGCCAACTATAACGATAAAGATGAAATGTATCATTATAAGAATTTATCTGAAGATGCGAAAAGTTCAAGCAACATGCAAGAAACCATCCCAGGCACATACGAGTTTATAAAT";NA;32;28;42;0;0;0
"63";"ACTTTAATTTTGATCGCCTCCTTATCGATCAAGATCATAATAACCACGTCGTACTATATGCGATTAGCAAAGACCGTCATGAAGTAGTTAAACTTAAGACAACGATGAAAGGGAATAACGTTGATAAAGCTTTTAAAAGTATCGAACCTGATATGCAGCCCTATACGGAAATCATCACGAATAAAGATACAATCGACAAAGCAACACACGTGTTTGCCCCAAGCAAACCGAAGGACTTAAAGACGTATCGCATGGTCTTCAATACGATTAGTGTTGAACGCATGAACTCAATACTATTTGATGATTCAACGATTGTTCGTAGCTCTCAAAGTGGTACGACAACATACAACAACAATACTGGCGTCGCCAACTACAATGATAAAGATGAAATGTATCATTATAAGAATTTATCTGAAGACGCGAAAAGTTCAAGCAACATGCAAGAAACCATCCCAGGCACATACGAGTTTATAAAT";NA;20;39;41;0;0;0
"64";"ACTTTAATTTTGATCGCCTCCTTATCGATCAAGATCATAATAACCACGTCGTACTATATGCGATTAGCAAAGACCGTCATGAAGTAGTTAAACTTAAGACAACGATGAAAGGGAATAATGTTGATAAAGCTTTTAAAAGTATCGAACCTGACATGCAGCCCTATACGGAAATCATCACGAATAAAGATACAATCGACAAAGCAACACACGTGTTTGCACCAAGCAAACCGAAAGACTTAAAGACGTATCGCATGGTCTTCAATACGATTAGTGTTGAACGCATGAACTCAATACTATTTGATGATTCAACGATTGTTCGTAGCTCTCAAAGTGGTACGACAACATACAACAACAATACTGGCGTCGCCAACTACAACGATAAAGATGAAATGTATCATTATAAGAATTTATCTGAAGACGCGAAAAGTTCAAGCAACATGCAAGAAACCATCCCAGGCACATACGAGTTTATAAAT";NA;0;47;50;0;0;0
"65";"ACTTTAATTTTGACCGCCTCCTTATCGATCAAGATCATAATAACCACGTCGTACTATATGCGATTAGCAAAGACCGTCATGAAGTAGTTAAACTTAAGACAACCATGAAAGGGAATAATGTTGATAAAGCTTTTAAAAGTATCGAACCTGACATGCAGCCCTATACGGAAATCATCACGAATAAAGATACAATCGACAAAGCAACACACGTGTTTGCACCAAGCAAACCGAAAGACTTAAAGACGTATCGCATGGTCTTCAATACGATTAGTGTTGAACGCATGAACTCAATACTATTTGATGATTCAACGATTGTTCGTAGCTCTCAAAGTGGTACGACAACATACAACAACAATACTGGCGTCGCCAACTACAATGATAAAGATGAAATGTATCATTATAAGAATTTATCTGAAGACGCGAAAAGTTCAAGCAACATGCAAGAAACCATCCCAGGCACATACGAGTTTATAAAT";"seq26";32;29;25;0;0;0
"66";"ACTTTAATTTTGACCGCCTCCTTATCGATCAAGATCATAATAACCACGTCGTACTATATGCGATTAGCAAAGACCGTCATGAAGTAGTTAAACTTAAGACAACCATGAAAGGGAATAATGTTGATAAAGCTTTTAAAAGTATCGAACCTGACATGCAGCCCTATACGGAAATCATCACGAATAAAGATACAATCGACAAAGCAACACACGTGTTTGCCCCAAGCAAACCGAAGGACTTAAAGACGTATCGCATGGTCTTCAATACGATTAGTGTTGAACGCATGAACTCAATACTATTTGATGATTCAACGATTGTTCGTAGCTCTCAAAGTGGTACGACAACATACAACAACAATACTGGCGTCGCCAACTACAATGATAAAGATGAAATGTATCATTATAAGAATTTATCTGAAGACGCGAAAAGTTCAAGCAACATGCAAGAAACCATCCCAGGCACATACGAGTTTATAAAT";NA;0;0;0;20;28;33
"67";"ACTTTAATTTTGATCGCCTCCTTATCGATCAAGATCATAATAACCACGTCGTACTATATGCGATTAGCAAAGACCGTCATGAAGTAGTTAAACTTAAGACAACGATGAAAGGGAATAACGTTGATAAAGCTTTTAAAAGTATCGAACCTGATATGCAGCCCTATACGGAAATCATCACGAATAAAGATACAATCGACAAAGCAACACACGTGTTTGCCCCAAGCAAACCGAAGGACTTAAAGACGTATCGCATGGTCTTCAATACGATTAGTGTTGAACGCATGAACTCAATACTATTTGATGATTCAACGATTGTTCGTAGCTCTCAAAGTGGTACGACAACATACAACAACAATACTGGCGTCGCCAACTACAACGATAAAGATGAAATGTATCATTATAAGAATTTATCTGAAGACGCGAAAAGTTCAAGCAACATGCAAGAAACCATCCCAGGCACATACGAGTTTATAAAT";NA;19;25;27;0;0;0
"68";"ACTTTAATTTTGATCGCCTCCTTATCGATCAAGATCATAATAACCACGTCGTACTATATGCGATTAGCAAAGACCGTCATGAAGTAGTTAAACTTAAGACAACGATGAAAGGGAATAATGTTGATAAAGCTTTTAAAAGTATCGAACCTGACATGCAACCCTATACGGAAATCATCACGAATAAAGATACAATCGACAAAGCAACACACGTGTTTGCACCAAGCAAACCGAAAGACTTAAAGACGTATCGCATGGTCTTCAATACGATCAGTGTTGAACGCATGAACTCAATACTATTTGATGATTCAACGATTGTTCGTAGCTCTCAAAGTGGTACGACAACATACAACAACAATACTGGTGTCGCCAACTATAACGATAAAGATGAAATGTATCATTATAAGAATTTATCTGAAGATGCGAAAAGTTCAAGCAACATGCAAGAAACCATCCCAGGCACATACGAGTTTATAAAT";NA;20;21;26;0;0;0
"69";"ACTTTAATTTTGACCGCCTCCTTATCGATCAAGATCATAATAACCACGTCGTACTATATGCGATTAGCAAAGACCGTCATGAAGTAGTTAAACTTAAGACAACCATGAAAGGGAATAATGTTGATAAAGCTTTTAAAAGTATCGAACCTGACATGCAGCCCTATACGGAAATCATCACGAATAAAGATACAATCGACAAAGCAACACACGTGTTTGCACCAAGCAAACCGAAAGACTTAAAGACGTATCGCATGGTCTTCAATACGATTAGTGTTGAACGCATGAACTCAATACTATTTGATGATTCAACGATTGTTCGTAGCTCTCAAAGTGGTACGACAACATACAACAACAATACTGGTGTCGCCAACTATAACGATAAAGATGAAATGTATCATTATAAGAATTTATCTGAAGACGCGAAAAGTTCAAGCAACATGCAAGAAACCATCCCAGGCACATACGAGTTTATAAAT";NA;16;26;24;0;0;0
"70";"ACTTTAATTTTGATCGCCTCCTTATCGATCAAGATCATAATAACCACGTCGTACTATATGCGATTAGCAAAGACCGTCATGAAGTAGTTAAACTTAAGACAACGATGAAAGGGAATAACGTTGATAAAGCTTTTAAAAGTATCGAACCTGATATGCAGCCCTATACGGAAATCATCACGAATAAAGATACAATCGACAAAGCAACACACGTGTTTGCCCCAAGCAAACCGAAGGACTTAAAGACGTATCGCATGGTCTTCAATACGATTAGTGTTGAACGCATGAACTCAATACTATTTGATGATTCAACGATTGTTCGTAGCTCTCAAAGTGGTACGACAACATACAACAACAATACTGGTGTCGCCAACTATAACGATAAAGATGAAATGTATCATTATAAGAATTTATCTGAAGACGCGAAAAGTTCAAGCAACATGCAAGAAACCATCCCAGGCACATACGAGTTTATAAAT";NA;15;24;27;0;0;0
"71";"ACTTTAATTTTGATCGCCTCCTTATCGATCAAGATCATAATAACCACGTCGTACTATATGCGATTAGCAAAGACCGTCATGAAGTAGTTAAACTTAAGACAACGATGAAAGGGAATAATGTTGATAAAGCTTTTAAAAGTATCGAACCTGATATGCAGCCCTATACGGAAATCATCACGAATAAAGATACAATCGACAAAGCAACACACGTGTTTGCACCAAGCAAACCGAAAGACTTAAAGACGTATCGCATGGTCTTCAATACGATTAGTGTTGAACGCATGAACTCAATACTATTTGATGATTCAACGATTGTTCGTAGCTCTCAAAGTGGTACGACAACATACAACAACAATACTGGCGTCGCCAACTACAACGATAAAGATGAAATGTATCATTATAAGAATTTATCTGAAGACGCGAAAAGTTCAAGCAACATGCAAGAAACCATCCCAGGCACATACGAGTTTATAAAT";"seq14";0;24;26;0;0;0
"72";"ACTTTAATTTTGACCGCCTCCTTATCGATCAAGATCATAATAACCACGTCGTACTATATGCGATTAGCAAAGACCGTCATGAAGTAGTTAAACTTAAGACAACCATGAAAGGGAATAATGTTGATAAAGCTTTTAAAAGTATCGAACCTGACATGCAGCCCTATACGGAAATCATCACGAATAAAGATACAATCGACAAAGCAACACACGTGTTTGCACCAAGCAAACCGAAAGACTTAAAGACGTATCGCATGGTCTTCAATACGATTAGTGTTGAACGCATGAACTCAATACTATTTGATGATTCAACGATTGTTCGTAGCTCTCAAAGTGGTACGACAACATACAACAACAATACTGGCGTCGCCAACTACAACGATAAAGATGAAATGTATCATTATAAGAATTTATCTGAAGACGCGAAAAGTTCAAGCAACATGCAAGAAACCATCCCAGGCACATACGAGTTTATAAAT";"seq26";0;25;20;0;0;0
"73";"ACTTTAATTTTGATCGCCTCCTTATCGATCAAGATCATAATAACCACGTCGTACTATTTGCGATTAGCAAAGACCGTCATGAAGTAGTTAAACTTAAGACAACGATGAAAGGGAATAACGTTGACAAAGCTTTTAAAAGTATCGAACCTGACATGCAACCCTATACGGAAATCATCACGAATAAAGATACAATCGACAAAGCAACACACGTGTTTGCACCAAGCAAACCGAAAGACTTAAAGACGTATCGCATGGTCTTCAATACGATCAGTGTTGAACGCATGAACTCAATACTATTTGATGATTCAACGATTGTTCGTAGCTCTCAAAGTGGTACGACAACATACAACAACAATACTGGCGTCGCCAACTACAATGATAAAGATGAAATGTATCATTATAAGAATTTATCTGAAGATGCGAAAAGTTCAAGCAACATGCAAGAAACCATCCCAGGCACATACGAGTTTATAAAT";NA;9;16;17;0;0;0
"74";"ACTTTAATTTTGATCGCCTCCTTATCGATCAAGATCATAATAACCACGTCGTACTATATGCGATTAGCAAAGACCGTCATGAAGTAGTTAAACTTAAGACAACGATGAAAGGGAATAATGTTGATAAAGCTTTTAAAAGTATCGAACCTGATATGCAGCCCTATACGGAAATCATCACGAATAAAGATACAATCGACAAAGCAACACACGTGTTTGCACCAAGCAAACCGAAAGACTTAAAGACGTATCGCATGGTCTTCAATACGATTAGTGTTGAACGCATGAACTCAATACTATTTGATGATTCAACGATTGTTCGTAGCTCTCAAAGTGGTACGACAACATACAACAACAATACTGGCGTCGCCAACTACAATGATAAAGATGAAATGTATCATTATAAGAATTTATCTGAAGACGCGAAAAGTTCAAGCAACATGCAAGAAACCATCCCAGGCACATACGAGTTTATAAAT";NA;0;24;18;0;0;0
"75";"ACTTTAATTTTGATCGCCTCCTTATCGATCAAGATCATAATAACCACGTCGTACTATATGCGATTAGCAAAGACCGTCATGAAGTAGTTAAACTTAAGACAACGATGAAAGGGAATAATGTTGATAAAGCTTTTAAAAGTATCGAACCTGATATGCAGCCCTATACGGAAATCATCACGAATAAAGATACAATCGACAAAGCAACACACGTGTTTGCACCAAGCAAACCGAAAGACTTAAAGACGTATCGCATGGTCTTCAATACGATTAGTGTTGAACGCATGAACTCAATACTATTTGATGATTCAACGATTGTTCGTAGCTCTCAAAGTGGTACGACAACATACAACAACAATACTGGTGTCGCCAACTATAACGATAAAGATGAAATGTATCATTATAAGAATTTATCTGAAGACGCGAAAAGTTCAAGCAACATGCAAGAAACCATCCCAGGCACATACGAGTTTATAAAT";"seq63";0;17;18;0;0;0
"76";"ACTTTAATTTTGATCGCCTCCTTATCGATCAAGATCATAATAACCACGTCGTACTATTTGCGATTAGCAAAGACCGTCATGAAGTAGTTAAACTTAAGACAACGATGAAAGGGAATAACGTTGATAAAGCTTTTAAAAGTATCGAACCTGATATGCAGCCCTATACGGAAATCATCACGAATAAAGATACAATCGACAAAGCAACACACGTGTTTGCACCAAGCAAACCGAAAGACTTAAAGACGTATCGCATGGTCTTCAATACGATTAGTGTTGAACGCATGAACTCAATACTATTTGATGATTCAACGATTGTTCGTAGCTCTCAAAGTGGTACGACAACATACAACAACAATACTGGCGTCGCCAACTACAATGATAAAGATGAAATGTATCATTATAAGAATTTATCTGAAGACGCGAAAAGTTCAAGCAACATGCAAGAAACCATCCCAGGCACATACGAGTTTATAAAT";NA;0;31;0;0;0;0
"77";"ACTTTAATTTTGACCGCCTCCTTATCGATCAAGATCATAATAACCACGTCGTACTATATGCGATTAGCAAAGACCGTCATGAAGTAGTTAAACTTAAGACAACCATGAAAGGGAATAATGTTGATAAAGCTTTTAAAAGTATCGAACCTGACATGCAGCCCTATACGGAAATCATCACGAATAAAGATACAATCGACAAAGCAACACACGTGTTTGCCCCAAGCAAACCGAAGGACTTAAAGACGTATCGCATGGTCTTCAATACGATTAGTGTTGAACGCATGAACTCAATACTATTTGATGATTCAACGATTGTTCGTAGCTCTCAAAGTGGTACGACAACATACAACAACAATACTGGCGTCGCCAACTACAACGATAAAGATGAAATGTATCATTATAAGAATTTATCTGAAGACGCGAAAAGTTCAAGCAACATGCAAGAAACCATCCCAGGCACATACGAGTTTATAAAT";"seq24";0;0;0;8;11;12
"78";"ACTTTAATTTTGATCGCCTCCTTATCGATCAAGATCATAATAACCACGTCGTACTATATGCGATTAGCAAAGACCGTCATGAAGTAGTTAAACTTAAGACAACGATGAAAGGGAATAACGTTGACAAAGCTTTTAAAAGTATCGAACCTGACATGCAGCCCTATACGGAAATCATCACGAATAAAGATACAATCGACAAAGCAACACACGTGTTTGCCCCAAGCAAACCGAAGGACTTAAAGACGTATCGCATGGTCTTCAATACGATTAGTGTTGAACGCATGAACTCAATACTATTTGATGATTCAACGATTGTTCGTAGCTCTCAAAGTGGTACGACAACATACAACAACAATACTGGCGTCGCCAACTACAATGATAAAGATGAAATGTATCATTATAAGAATTTATCTGAAGACGCGAAAAGTTCAAGCAACATGCAAGAAACCATCCCAGGCACATACGAGTTTATAAAT";NA;0;29;0;0;0;0
"79";"ACTTTAATTTTGATCGCCTCCTTATCGATCAAGATCATAATAACCACGTCGTACTATATGCGATTAGCAAAGACCGTCATGAAGTAGTTAAACTTAAGACAACCATGAAAGGGAATAATGTTGATAAAGCTTTTAAAAGTATCGAACCTGACATGCAGCCCTATACGGAAATCATCACGAATAAAGATACAATCGACAAAGCAACACACGTGTTTGCACCAAGCAAACCGAAAGACTTAAAGACGTATCGCATGGTCTTCAATACGATTAGTGTTGAACGCATGAACTCAATACTATTTGATGATTCAACGATTGTTCGTAGCTCTCAAAGTGGTACGACAACATACAACAACAATACTGGCGTCGCCAACTACAATGATAAAGATGAAATGTATCATTATAAGAATTTATCTGAAGACGCGAAAAGTTCAAGCAACATGCAAGAAACCATCCCAGGCACATACGAGTTTATAAAT";"seq10";0;0;25;0;0;0
"80";"ACTTTAATTTTGATCGCCTCCTTATCGATCAAGATCATAATAACCACGTCGTACTATATGCGATTAGCAAAGACCGTCATGAAGTAGTTAAACTTAAGACAACGATGAAAGGGAATAACGTTGACAAAGCTTTTAAAAGTATCGAACCTGACATGCAGCCCTATACGGAAATCATCACGAATAAAGATACAATCGACAAAGCAACACACGTGTTTGCCCCAAGCAAACCGAAGGACTTAAAGACGTATCGCATGGTCTTCAATACGATTAGTGTTGAACGCATGAACTCAATACTATTTGATGATTCAACGATTGTTCGTAGCTCTCAAAGTGGTACGACAACATACAACAACAATACTGGCGTCGCCAACTACAACGATAAAGATGAAATGTATCATTATAAGAATTTATCTGAAGACGCGAAAAGTTCAAGCAACATGCAAGAAACCATCCCAGGCACATACGAGTTTATAAAT";NA;0;24;0;0;0;0
"81";"ACTTTAATTTTGATCGCCTCCTTATCGATCAAGATCATAATAACCACGTCGTACTATATGCGATTAGCAAAGACCGTCATGAAGTAGTTAAACTTAAGACAACGATGAAAGGGAATAACGTTGACAAAGCTTTTAAAAGTATCGAACCTGACATGCAGCCCTATACGGAAATCATCACGAATAAAGATACAATCGACAAAGCAACACACGTGTTTGCCCCAAGCAAACCGAAGGACTTAAAGACGTATCGCATGGTCTTCAATACGATTAGTGTTGAACGCATGAACTCAATACTATTTGATGATTCAACGATTGTTCGTAGCTCTCAAAGTGGTACGACAACATACAACAACAATACTGGTGTCGCCAACTATAACGATAAAGATGAAATGTATCATTATAAGAATTTATCTGAAGACGCGAAAAGTTCAAGCAACATGCAAGAAACCATCCCAGGCACATACGAGTTTATAAAT";NA;0;24;0;0;0;0
"82";"ACTTTAATTTTGATCGCCTCCTTATCGATCAAGATCATAATAACCACGTCGTACTATTTGCGATTAGCAAAGACCGTCATGAAGTAGTTAAACTTAAGACAACGATGAAAGGGAATAATGTTGATAAAGCTTTTAAAAGTATCGAACCTGATATGCAGCCCTATACGGAAATCATCACGAATAAAGATACAATCGACAAAGCAACACACGTGTTTGCACCAAGCAAACCGAAAGACTTAAAGACGTATCGCATGGTCTTCAATACGATTAGTGTTGAACGCATGAACTCAATACTATTTGATGATTCAACGATTGTTCGTAGCTCTCAAAGTGGTACGACAACATACAACAACAATACTGGCGTCGCCAACTACAATGATAAAGATGAAATGTATCATTATAAGAATTTATCTGAAGACGCGAAAAGTTCAAGCAACATGCAAGAAACCATCCCAGGCACATACGAGTTTATAAAT";NA;0;0;23;0;0;0
"83";"ACTTTAATTTTGATCGCCTCCTTATCGATCAAGATCATAATAACCACGTCGTACTATTTGCGATTAGCAAAGACCGTCATGAAGTAGTTAAACTTAAGACAACGATGAAAGGGAATAATGTTGATAAAGCTTTTAAAAGTATCGAACCTGATATGCAGCCCTATACGGAAATCATCACGAATAAAGATACAATCGACAAAGCAACACACGTGTTTGCACCAAGCAAACCGAAAGACTTAAAGACGTATCGCATGGTCTTCAATACGATTAGTGTTGAACGCATGAACTCAATACTATTTGATGATTCAACGATTGTTCGTAGCTCTCAAAGTGGTACGACAACATACAACAACAATACTGGCGTCGCCAACTACAACGATAAAGATGAAATGTATCATTATAAGAATTTATCTGAAGACGCGAAAAGTTCAAGCAACATGCAAGAAACCATCCCAGGCACATACGAGTTTATAAAT";NA;0;0;17;0;0;0
"84";"ACTTTAATTTTGATCGCCTCCTTATCGATCAAGATCATAATAACCACGTCGTACTATATGCGATTAGCAAAGACCGTCATGAAGTAGTTAAACTTAAGACAACGATGAAAGGGAATAATGTTGATAAAGCTTTTAAAAGTATCGAACCTGACATGCAACCCTATACGGAAATCATCACGAATAAAGATACAATCGACAAAGCAACACACGTGTTTGCACCAAGCAAACCGAAAGACTTAAAGACGTATCGCATGGTCTTCAATACGATCAGTGTTGAACGCATGAACTCAATACTATTTGATGATTCAACGATTGTTCGTAGCTCTCAAAGTGGTACGACAACATACAACAACAATACTGGCGTCGCCAACTACAATGATAAAGATGAAATGTATCATTATAAGAATTTATCTGAAGATGCGAAAAGTTCAAGCAACATGCAAGAAACCATCCCAGGCACATACGAGTTTATAAAT";NA;6;8;2;0;0;0
"85";"ACTTTAATTTTGATCGCCTCCTTATCGATCAAGATCATAATAACCACGTCGTACTATTTGCGATTAGCAAAGACCGTCATGAAGTAGTTAAACTTAAGACAACGATGAAAGGGAATAACGTTGATAAAGCTTTTAAAAGTATCGAACCTGATATGCAGCCCTATACGGAAATCATCACGAATAAAGATACAATCGACAAAGCAACACACGTGTTTGCACCAAGCAAACCGAAAGACTTAAAGACGTATCGCATGGTCTTCAATACGATTAGTGTTGAACGCATGAACTCAATACTATTTGATGATTCAACGATTGTTCGTAGCTCTCAAAGTGGTACGACAACATACAACAACAATACTGGCGTCGCCAACTACAACGATAAAGATGAAATGTATCATTATAAGAATTTATCTGAAGACGCGAAAAGTTCAAGCAACATGCAAGAAACCATCCCAGGCACATACGAGTTTATAAAT";"seq14";0;16;0;0;0;0
"86";"ACTTTAATTTTGATCGCCTCCTTATCGATCAAGATCATAATAACCACGTCGTACTATATGCGATTAGCAAAGACCGTCATGAAGTAGTTAAACTTAAGACAACCATGAAAGGGAATAATGTTGATAAAGCTTTTAAAAGTATCGAACCTGACATGCAGCCCTATACGGAAATCATCACGAATAAAGATACAATCGACAAAGCAACACACGTGTTTGCACCAAGCAAACCGAAAGACTTAAAGACGTATCGCATGGTCTTCAATACGATTAGTGTTGAACGCATGAACTCAATACTATTTGATGATTCAACGATTGTTCGTAGCTCTCAAAGTGGTACGACAACATACAACAACAATACTGGTGTCGCCAACTATAACGATAAAGATGAAATGTATCATTATAAGAATTTATCTGAAGACGCGAAAAGTTCAAGCAACATGCAAGAAACCATCCCAGGCACATACGAGTTTATAAAT";"seq63";0;0;15;0;0;0
"87";"ACTTTAATTTTGATCGCCTCCTTATCGATCAAGATCATAATAACCACGTCGTACTATATGCGATTAGCAAAGACCGTCATGAAGTAGTTAAACTTAAGACAACCATGAAAGGGAATAATGTTGATAAAGCTTTTAAAAGTATCGAACCTGACATGCAGCCCTATACGGAAATCATCACGAATAAAGATACAATCGACAAAGCAACACACGTGTTTGCACCAAGCAAACCGAAAGACTTAAAGACGTATCGCATGGTCTTCAATACGATTAGTGTTGAACGCATGAACTCAATACTATTTGATGATTCAACGATTGTTCGTAGCTCTCAAAGTGGTACGACAACATACAACAACAATACTGGCGTCGCCAACTACAACGATAAAGATGAAATGTATCATTATAAGAATTTATCTGAAGACGCGAAAAGTTCAAGCAACATGCAAGAAACCATCCCAGGCACATACGAGTTTATAAAT";"seq10";0;0;13;0;0;0
"88";"ACTTTAATTTTGATCGCCTCCTTATCGATCAAGATCATAATAACCACGTCGTACTATTTGCGATTAGCAAAGACCGTCATGAAGTAGTTAAACTTAAGACAACGATGAAAGGGAATAATGTTGATAAAGCTTTTAAAAGTATCGAACCTGATATGCAGCCCTATACGGAAATCATCACGAATAAAGATACAATCGACAAAGCAACACACGTGTTTGCACCAAGCAAACCGAAAGACTTAAAGACGTATCGCATGGTCTTCAATACGATTAGTGTTGAACGCATGAACTCAATACTATTTGATGATTCAACGATTGTTCGTAGCTCTCAAAGTGGTACGACAACATACAACAACAATACTGGTGTCGCCAACTATAACGATAAAGATGAAATGTATCATTATAAGAATTTATCTGAAGACGCGAAAAGTTCAAGCAACATGCAAGAAACCATCCCAGGCACATACGAGTTTATAAAT";NA;0;0;12;0;0;0
"89";"ACTTTAATTTTGATCGCCTCCTTATCGATCAAGATCATAATAACCACGTCGTACTATTTGCGATTAGCAAAGACCGTCATGAAGTAGTTAAACTTAAGACAACGATGAAAGGGAATAACGTTGATAAAGCTTTTAAAAGTATCGAACCTGATATGCAGCCCTATACGGAAATCATCACGAATAAAGATACAATCGACAAAGCAACACACGTGTTTGCACCAAGCAAACCGAAAGACTTAAAGACGTATCGCATGGTCTTCAATACGATTAGTGTTGAACGCATGAACTCAATACTATTTGATGATTCAACGATTGTTCGTAGCTCTCAAAGTGGTACGACAACATACAACAACAATACTGGTGTCGCCAACTATAACGATAAAGATGAAATGTATCATTATAAGAATTTATCTGAAGACGCGAAAAGTTCAAGCAACATGCAAGAAACCATCCCAGGCACATACGAGTTTATAAAT";NA;0;11;0;0;0;0
