"ASV";"Seq_number";"Extraction_control_1";"Extraction_control_2";"P01_nose_1";"P01_nose_2";"P01_skin_1";"P01_skin_2";"P02_nose_1";"P02_nose_2";"P02_skin_1";"P02_skin_2";"P03_nose_1";"P03_nose_2";"P03_skin_1";"P03_skin_2";"P04_nose_1";"P04_nose_2";"P04_skin_1";"P04_skin_2";"P05_nose_1";"P05_nose_2";"P05_skin_1";"P05_skin_2";"P06_nose_1";"P06_nose_2";"P06_skin_1";"P06_skin_2";"P07_nose_1";"P07_nose_2";"P07_skin_1";"P07_skin_2";"P08_nose_1";"P08_nose_2";"P08_skin_1";"P08_skin_2";"P09_nose_1";"P09_nose_2";"P09_skin_1";"P09_skin_2";"P10_nose_1";"P10_nose_2";"P10_skin_1";"P10_skin_2";"P11_nose_1";"P11_nose_2";"P11_skin_1";"P11_skin_2";"even-mock3-1_S258_L001";"even-mock3-2_S282_L001";"even-mock3-3_S199_L001";"staggered-mock3-1_S270_L001";"staggered-mock3-2_S211_L001";"staggered-mock3-3_S223_L001"
"1";"ACTTTAATTTTGATCGTCTCCTTATCGATCAAGATCATAATAACCACGTCGTACTATTTGCGATTAGCAAAGACCGTCATGAAGTAGTTAAACTTAAGACAACGATGAAAGGGAATAATGTTGATAAAGCTTTTAAAAGTATCGAACCTGACATGCAGCCCTATACGGAAATCATCACGAATAAAGATACAATCGACAAAGCAACACACGTGTTTGCACCAAGCAAACCGAAAGACTTAAAGACGTATCGCATGGTCTTCAATACGATCAGTGTTGAACGCATGAACTCAATACTATTTGATGATTCAACGATTGTTCGTAGCTCTCAAAGTGGTACGACAACATACAACAACAATACTGGCGTCGCCAACTACAATGATAAAGATGAAATGTATCATTATAAGAATTTATCTGAAGACGCGAAAAGTTCAAGCAACATGCAAGAAACCATCCCAGGCACATACGAGTTTATAAAT";"seq37,36";0;0;95;203;0;0;2117;2095;1506;1778;5602;7265;1570;0;2469;3346;0;0;51775;45922;40338;27034;13053;11177;1026;0;14731;6835;286;167;4958;4807;0;0;93;42;139;77;0;0;0;0;0;0;0;0;0;0;0;0;0;0
"2";"ACTTTAATTTTGATCGCCTCCTTATCGATCAAGATCATAATAACCACGTCGTACTATTTGCGATTAGCAAAGACCGTCATGAAGTAGTTAAACTTAAGACAACGATGAAAGGGAATAATGTTGATAAAGCTTTTAAAAGTATCGAACCTGACATGCAGCCCTATACGGAAATCATCACGAATAAAGATACAATCGACAAAGCAACACACGTGTTTGCACCAAGCAAACCGAAAGACTTAAAGACGTATCGCATGGTCTTCAATACGATCAGTGTTGAACGCATGAACTCAATACTATTTGATGATTCAACGATTGTTCGTAGCTCTCAAAGTGGTACGACAACATACAACAACAATACTGGCGTCGCCAACTACAATGATAAAGATGAAATGTATCATTATAAGAATTTATCTGAAGACGCGAAAAGTTCAAGCAACATGCAAGAAACCATCCCAGGCACATACGAGTTTATAAAT";"seq43";112;69;2828;2110;998;478;9461;6645;196;1009;3635;4564;2196;2428;3459;2942;1267;25;2855;3055;0;3517;2629;1987;3858;1559;27891;14179;23164;16486;637;712;279;56;97;41;0;0;15481;23401;3284;1747;2397;1671;628;100;3707;3403;4160;4681;4885;7065
"3";"ACTTTAATTTTGATCGCCTCCTTATCGATCAAGATCATAATAACCACGTCGTACTATATGCGATTAGCAAAGACCGTCATGAAGTAGTTAAACTTAAGACAACCATGAAAGGGAATAATGTTGATAAAGCTTTTAAAAGTATCGAACCTGACATGCAGCCTTATACGGAAATCATCACGAATAAAGATACAATCGACAAAGCAACACACGTGTTTGCACCAAGCAAACCGAAAGACTTAAAGACGTATCGCATGGTCTTCAATACGATTAGTGTTGAACGCATGAACTCAATACTATTTGATGATTCAACGATCGTTCGTAGCTCTCAAAGTGGTACGACAACATACAACAACAATACTGGCGTCGCCAACTACAACGATAAAGATGAAATGTATCATTATAAGAATTTATCTGAAGATGCGAAAAGTTCAAGCAACATGCAAGAAACCATCCCAGGCACATACGAGTTTATAAAT";"seq34";0;0;1880;1058;0;0;2979;3321;3375;3075;15422;15898;3655;419;16138;15207;641;197;857;757;3703;2745;19593;17061;0;0;1124;620;1035;917;150;0;9163;5097;0;0;553;71;303;240;10588;4730;28866;18199;2223;297;0;0;0;0;0;0
"4";"ACTTTAATTTTGATCGCCTCCTTATCGATCAAGATCATAATAACCACGTCGTACTATATGCGATTAGCAAAGACCGTCATGAAGTAGTTAAACTTAAGACAACGATGAAAGGGAATAACGTTGATAAAGCTTTTAAAAGTATCGAACCTGATATGCAGCCCTATACGGAAATCATCACGAATAAAGATACAATCGACAAAGCAACACACGTGTTTGCACCAAGCAAACCGAAAGACTTAAAGACGTATCGCATGGTCTTCAATACGATTAGTGTTGAACGCATGAACTCAATACTATTTGATGATTCAACGATTGTTCGTAGCTCTCAAAGTGGTACGACAACATACAACAACAATACTGGCGTCGCCAACTACAACGATAAAGATGAAATGTATCATTATAAGAATTTATCTGAAGATGCGAAAAGTTCAAGCAACATGCAAGAAACCATCCCAGGCACATACGAGTTTATAAAT";"seq14";0;0;9009;5373;0;0;45;22;0;8;11436;6261;1341;0;90;35;0;117;0;0;0;0;7873;6383;1930;171;12132;10299;36765;26145;5136;7002;7591;4252;0;0;0;0;0;0;0;0;0;32;0;0;2687;2158;2665;72;78;118
"5";"ACTTTAATTTTGATCGCCTCCTCATCGATCAAGATCATAATAACCACGTCGTATTATATGCGATTAGCAAAGACCGTCATGAAGTAGTTAAACTTAAGACAACGATGAAAGGGAATAATGTTGATAAAGCTTTTAAAAGTATCGAACCTGACATGCAGCCCTATACGGAAATCATCACGAATAAAGATACAATCGACAAAGCAACACACGTGTTTGCCCCAAGCAAACCGAAGGACTTAAAGACGTATCGCATGGTCTTCAATACGATTAGTGTTGAACGCATGAACTCAATACTATTTGATGATTCAACGATTGTTCGTAGCTCTCAAAGTGGTACGACAACATACAACAACAATACTGGCGTCGCCAACTACAACGATAAAGATGAAATGTATCATTATAAGAATTTATCTGAAGATGCGAAAAGTTCAAGCAACATGCAAGAAACCATCCCAGGCACATACGAGTTTATAAAT";"seq3";0;0;3785;1102;0;69;0;0;0;0;0;0;2682;701;0;0;0;0;0;0;2207;1023;21401;18768;0;115;0;34;16300;10635;0;0;0;0;0;0;338;0;0;0;0;0;0;0;0;13;0;0;0;0;0;0
"6";"ACTTTAATTTTGATCGCCTCCTCATCGATCAAGATCATAATAACCACGTCGTACTATATGCGATTAGCAAAGACCGTCATGAAGTAGTTAAACTTAAGACAACGATGAAAGGGAATAATGTTGACAAAGCTTTTAAAAGTATCGAACCTGACATGCAGCCCTATACGGAAATCATCACGAATAAAGATACAATCGACAAAGCAACACACGTGTTTGCACCAAGCAAACCGAAAGACTTAAAGACGTATCGCATGGTCTTCAATACGATTAGTGTTGAACGCATGAATTCAATACTATTTGATGATTCAACGATTGTTCGTAGCTCTCAAAGTGGTACGACAACATACAACAACAATACTGGTGTCGCCAACTATAACGATAAAGATGAAATGTATCATTATAAGAATTTATCTGAAGACGCGAAAAGTTCAAGCAACATGCAAGAAACCATCCCAGGCACATACGAGTTTATAAAT";"seq65";38;0;286;4;0;0;1456;1261;1067;2175;2103;1257;1069;339;2;0;0;0;0;40;0;0;415;517;0;0;4629;1917;206;230;0;0;0;0;607;0;0;0;13578;19773;2611;1271;939;399;4409;2319;0;0;0;0;0;0
"7";"ACTTTAATTTTGATCGCCTCCTTATCGATCAAGATCATAATAACCACGTCGTACTATATGCGATTAGCAAAGACCGTCATGAAGTAGTTAAACTTAAGACAACCATGAAAGGGAATAATGTTGATAAAGCTTTTAAAAGTATCGAACCTGACATGCAGCCCTATACGGAAATCATCACGAATAAAGATACAATCGACAAAGCAACACACGTGTTTGCACCAAGCAAACCGAAAGACTTAAAGACGTATCGCATGGTCTTCAATACGATTAGTGTTGAACGCATGAACTCAATACTATTTGATGATTCAACGATTGTTCGTAGCTCTCAAAGTGGTACGACAACATACAACAACAATACTGGCGTCGCCAACTACAACGATAAAGATGAAATGTATCATTATAAGAATTTATCTGAAGATGCGAAAAGTTCAAGCAACATGCAAGAAACCATCCCAGGCACATACGAGTTTATAAAT";"seq10";0;0;0;0;0;0;0;0;0;0;0;0;0;0;0;0;0;0;0;0;0;0;0;0;0;0;123;62;0;0;29286;29260;0;0;0;0;0;0;0;0;0;0;0;73;0;0;0;0;97;198;195;307
"8";"ACTTTAATTTTGATCGCCTCCTTATCGATCAAGATCATAATAACCACGTCGTACTATATGCGATTAGCAAAGACCGTCATGAAGTAGTTAAACTTAAGACAACGATGAAAGGGAATAACGTTGACAAAGCTTTTAAAAGTATCGAACCTGACATGCAACCCTATACGGAAATCATCACGAATAAAGATACAATCGACAAAGCAACACACGTGTTTGCACCAAGCAAACCGAAAGACTTAAAGACGTATCGCATGGTCTTCAATACGATCAGTGTTGAACGCATGAACTCAATACTATTTGATGATTCAACGATTGTTCGTAGCTCTCAAAGTGGTACGACAACATACAACAACAATACTGGTGTCGCCAACTATAACGATAAAGATGAAATGTATCATTATAAGAATTTATCTGAAGACGCGAAAAGTTCAAGCAACATGCAAGAAACCATCCCAGGCACATACGAGTTTATAAAT";"seq62";23;0;0;0;0;0;0;247;0;170;0;0;0;0;0;0;0;0;0;0;0;0;15;0;0;0;0;42;0;0;0;0;0;0;27776;14595;0;0;0;23;0;0;0;0;0;0;2983;2794;3412;87;58;143
"9";"ACTTTAATTTTGATCGCCTCCTTATCGATCAAGATCATAATAACCACGTCGTACTATATGCGATTAGCAAAGACCGTCATGAAGTAGTTAAACTTAAGACAACGATGAAAGGGAATAATGTTGATAAAGCTTTTAAAAGTATCGAACCTGACATGCAGCCCTATACGGAAATCATCACGAATAAAGATACAATCGACAAAGCAACACACGTGTTTGCCCCAAGCAAACCGAAGGACTTAAAGACGTATCGCATGGTCTTCAATACGATTAGTGTTGAACGCATGAACTCAATACTATTTGATGATTCAACGATTGTTCGTAGCTCTCAAAGTGGTACGACAACATACAACAACAATACTGGCGTCGCCAACTACAACGATAAAGATGAAATGTATCATTATAAGAATTTATCTGAAGATGCGAAAAGTTCAAGCAACATGCAAGAAACCATCCCAGGCACATACGAGTTTATAAAT";"seq2";0;0;0;0;0;0;0;0;0;0;0;0;1315;231;0;0;0;0;0;0;0;0;278;218;0;0;0;11;368;173;0;0;0;0;0;0;0;0;0;0;0;0;31;0;37;27;4432;4605;5333;8793;10237;13499
"10";"ACTTTAATTTTGATCGTCTCCTTATCGATCAAGATCATAATAACCACGTCGTACTATTTGCGATTAGCAAAGACCGTCATGAAGTAGTTAAACTTAAGACAACGATGAAAGGGAATAATGTTGATAAAGCTTTTAAAAGTATCGAACCTGACATGCAGCCCTATACGGAAATCATCACGAATAAAGATACAATCGACAAAGCAACACACGTGTTTGCACCAAGCAAACCGAAAGACTTAAAGACGTATCGCATGGTCTTCAATACGATCAGTGTTGAACGCATGAACTCAATACTATTTGATGATTCAACGATTGTTCGTAGCTCTCAAAGTGGTACGACAACATACAACAACAATACTGGCGTCGCCAACTACAATGATAAAGATGAAATGTATCATTATAAGAATTTATCTGAAGATGCGAAAAGTTCAAGCAACATGCAAGAAACCATCCCAGGCACATACGAGTTTATAAAT";"seq37,36";0;0;0;0;0;0;25105;14781;1950;1231;0;0;0;0;0;0;0;0;0;0;0;0;374;272;0;0;63;0;18;3;90;71;0;0;0;0;0;0;0;0;0;0;0;0;0;0;0;0;0;0;0;0
"11";"ACTTTAATTTTGATCGCCTTCTTATCGATCAAGATCATAATAACCACGTCGTACTATATGCGATTAGCAAAGACCGTCATGAAGTAGTTAAACTTAAGACAACCATGAAAGGGAATAATGTTGATAAAGCTTTTAAAAGTATCGAACCTGACATGCAACCCTATACGGAAATCATCACGAATAAAGATACAATCGACAAAGCAACACACGTGTTTGCACCAAGCAAACCGAAAGACTTAAAGACGTATCGCATGGTCTTCAATACGATTAGTGTTGAACGCATGAACTCAATACTATTTGATGATTCAACGATTGTTCGTAGCTCTCAAAGTGGTACGACAACATACAACAACAATACTGGCGTCGCCAACTACAACGATAAAGATGAAATGTATCATTATAAGAATTTATCTGAAGATGCGAAAAGTTCAAGTAACATGCAAGAAACCATACCAGGCACATACGAGTTTATAAAT";"seq21";0;0;0;0;0;0;3409;1772;1281;485;324;207;2894;2568;4033;4134;433;60;0;0;0;0;3169;2478;0;0;0;0;0;0;65;49;0;0;2531;1655;0;0;0;0;0;0;0;0;0;0;0;0;0;0;0;0
"12";"ACTTTAATTTTGATCGCCTCCTCATCGATCAAGATCATAATAACCACGTTGTACTATATGCGATTAGCAAAGACCGTCATGAAGTAGTTAAACTTAAGACAACGATGAAAGGGAATAATGTTGATAAAGCTTTTAAAAGTATCGAACCTGACATGCAACCCTATACAGAAATCATCACGAATAAAGATACAATCGACAAAGCAACACACGTGTTTGCACCAAGCAAACCGAAAGACTTAAAGACGTATCGCATGGTCTTCAATACGATTAGTGTTGAACGCATGAATTCAATACTATTTGATGATTCAACGATTGTTCGTAGCTCTCAAAGTGGTACGACAACATACAACAACAATACTGGTGTCGCCAACTATAACGATAAAGATGAAATGTATCATTATAAGAATTTATCTGAAGACGCGAAAAGTTCAAGCAACATGCAAGAAACCATCCCAGGCACATACGAGTTTATAAAT";"seq55";0;0;28;90;0;0;1501;552;2686;3677;3138;480;0;18;1822;1606;0;0;0;0;0;0;752;866;0;0;140;3;77;92;93;26;0;0;0;0;0;0;0;0;0;0;191;0;138;0;0;0;0;0;0;0
"13";"ACTTTAATTTTGATCGCCTCCTTATCGATCAAGATCATAATAACCACGTCGTACTATATGCGATTAGCAAAGACCGTCATGAAGTAGTTAAACTTAAGACAACGATGAAAGGGAATAATGTTGACAAAGCTTTTAAAAGTATCGAACCTGACATGCAGCCCTATACGGAAATCATCACGAATAAAGATACAATCGACAAAGCAACACACGTGTTTGCACCAAGCAAACCGAAAGACTTAAAGACATATCGTATGGTCTTCAATACGATTAGTGTTGAACGCATGAACTCAATACTATTTGATGATTCAACGATTGTTCGTAGCTCTCAAAGTGGTACGACAACATACAACAACAATACTGGCGTCGCCAACTATAACGATAAAGATGAAATGTATCATTATAAGAATTTATCTGAAGACGCGAAAAGTTCAAGCAACATGCAAGAAACCATCCCAGGCACATACGAGTTTATAAAT";NA;0;0;0;0;0;0;1326;1363;0;437;0;0;0;0;0;0;0;0;0;0;0;0;0;0;0;0;0;92;51;0;0;0;0;0;0;0;0;0;128;247;1772;545;579;0;4709;2761;0;0;0;0;0;0
"14";"ACTTTAATTTTGATCGCCTCCTTATCGATCAAGATCATAATAACCACGTCGTACTATATGCGATTAGCAAAGACCGTCATGAAGTAATTAAACTAAAGACAACGATGAAAGGGAATAATGTTGATAAAGCTTTTAAAAGTATCGAACCTGACATGCAACCCTATACGGAAATCATCACGAATAAAGATACAATCGACAAAGCAACACACGTGTTTGCACCAAGCAAACCGAAAGACTTAAAGACGTATCGCATGGTCTTCAATACGATTAGTGTTGAACGCATGAACTCAATACTATTTGATGATTCAACGATCGTTCGTAGCTCTCAAAGTGGTACGACAACATACAACAACAATACTGGCGTCGCCAACTACAACGATAAAGATGAAATGTATCATTATAAGAATTTATCTGAAGATGCGAAAAGTTCAAGCAACATGCAAGAAACCATCCCAGGCACATACGAGTTTATAAAT";NA;0;0;205;208;0;0;1554;1700;1150;1679;0;382;0;0;349;288;1641;187;0;0;0;0;19;0;231;0;962;1071;21;0;30;7;0;354;0;0;0;0;27;48;428;906;0;0;0;0;0;0;0;0;0;0
"15";"ACTTTAATTTTGATCGTCTCCTTATCGATCAAGATCATAATAACCACGTCGTACTATTTGCGATTAGCAAAGACCGTCATGAAGTAGTTAAACTTAAGACAACGATGAAAGGGAATAATGTTGATAAAGCTTTTAAAAGTATCGAACCTGACATGCAGCCCTATACGGAAATCATCACGAATAAAGATACAATCGACAAAGCAACACACGTGTTTGCACCAAGCAAACCGAAAGACTTAAAGACGTATCGCATGGTCTTCAATACGATCAGTGTTGAACGCATGAACTCAATACTATTTGATGATTCAACGATTGTTCGTAGCTTTCAAAGTGGTACGACAACATACAACAACAATACTGGCGTCGCCAACTACAATGATAAAGATGAAATGTATCATTATAAGAATTTATCTGAAGACGCGAAAAGTTCAAGCAACATGCAAGAAACCATCCCAGGCACATACGAGTTTATAAAT";"seq37,36";0;0;7637;3897;0;0;0;0;0;0;0;0;0;0;0;0;0;0;0;0;0;0;0;0;0;0;0;0;0;0;0;0;0;0;0;0;0;0;0;0;0;0;0;0;0;0;0;0;0;0;0;0
"16";"ACTTTAATTTTGATCGCCTCCTTATCGATCAAGATCATAATAACCACGTTGTACTATATGCGATTAGCAAAGACCGTCATGAAGTAGTTAAACTTAAGACAACCATGAAAGGGAATAATGTTGATAAAGCTTTTAAAAGTATCGAACCTGACATGCAACCCTATACGGAAATCATCACGAATAAAGATACAATCGACAAAGCAACACACGTGTTTGCACCAAGCAAACCGAAAGACTTAAAGACGTATCGCATGGTCTTCAATACGATTAGTGTTGAACGCATGAACTCAATACTATTTGATGATTCAACGATTGTTCGTAGCTCTCAAAGTGGTACGACAACATACAACAACAATACTGGCGTCGCCAACTACAACGATAAAGATGAAATGTATCATTATAAGAATTTATCTGAAGATGCGAAAAGTTCAAGCAACATGCAAGAAACCATCCCAGGCACATACGAGTTTATAAAT";"seq9";0;0;1431;712;0;0;2538;2130;3673;806;0;0;0;0;0;0;0;0;0;0;0;0;0;0;0;0;0;0;0;0;0;0;0;0;0;0;0;0;0;0;0;0;0;0;0;0;0;0;0;0;0;0
"17";"ACTTTAATTTTGACCGCCTCCTTATCGATCAAGATCATAATAACCACGTCGTACTATATGCGATTAGCAAAGACCGTCATGAAGTAGTTAAACTTAAGACAACCATGAAAGGGAATAATGTTGATAAAGCTTTTAAAAGTATCGAACCTGACATGCAGCCCTATACGGAAATCATCACGAATAAAGATACAATCGACAAAGCAACACACGTGTTTGCACCAAGCAAACCGAAAGACTTAAAGACGTATCGCATGGTCTTCAATACGATTAGTGTTGAACGCATGAACTCAATACTATTTGATGATTCAACGATTGTTCGTAGCTCTCAAAGTGGTACGACAACATACAACAACAATACTGGCGTCGCCAACTACAACGATAAAGATGAAATGTATCATTATAAGAATTTATCTGAAGATGCGAAAAGTTCAAGCAACATGCAAGAAACCATCCCAGGCACATACGAGTTTATAAAT";"seq26";0;0;0;0;0;0;0;0;138;0;0;0;0;597;0;0;0;0;0;0;0;68;36;67;0;0;1275;819;151;178;0;0;0;0;0;0;0;0;0;0;0;0;0;301;0;0;286;252;220;612;584;955
"18";"ACTTTAATTTTGATCGCCTCCTTATCGATCAAGATCATAATAACCACGTCGTACTATATGCGATTAGCAAAGACCGTCATGAAGTAGTTAAACTTAAGACAACGATGAAAGGAAATAACGTTGATAAAGCTTTTAAAAGTATCGAACCTGACATGCAACCCTATACGGAAATCATCACGAATAAAGATACAATCGACAAAGCAACACACGTGTTTGCACCAAGCAAACCGAAAGACTTAAAGACGTATCGCATGGTCTTCAATACGATTAGTGTTGAACGCATGAACTCAATACTATTTGATGATTCAACGATTGTTCGTAGCTCTCAAAGTGGTACGACAACATACAACAACAATACTGGCGTCGCCAACTACAACGATAAAGATGAAATGTATCATTATAAGAATTTATCTGAAGATGCGAAAAGTTCAAGTAACATGCAAGAAACCATCCCAGGCACATACGAGTTTATAAAT";"seq19";0;0;0;0;0;0;0;0;0;840;0;0;980;1374;0;0;0;0;0;0;0;0;0;0;0;0;0;0;0;0;186;190;0;997;0;0;0;0;0;0;510;233;0;0;0;0;0;0;0;0;0;0
"19";"ACTTTAATTTTGATCGCCTCCTTATCGATCAAGATCATAATAACCACGTCGTACTATTTGCGATTAGCAAAGACCGTCATGAAGTAGTTAAACTTAAGACAACGATGAAAGGGAATAATGTTGATAAAGCTTTTAAAAGTATCGAACCTGACATGCAGCCCTATACGGAAATCATCACGAATAAAGATACAATCGACAAAGCAACACACGTGTTTGCACCAAGCAAACCGAAAGACTTAAAGACGTATCGCATGGTCTTCAATACGATAAGTGTTGAACGCATGAACTCAATACTATTTGATGATTCAACGATTGTTCGTAGCTCTCAAAGTGGTACGACAACATACAACAACAATACTGGCGTCGCCAACTACAATGATAAAGATGAAATGTATCATTATAAGAATTTATCTGAAGACGCGAAAAGTTCAAGCAACATGCAAGAAACCATCCCAGGCACATACGAGTTTATAAAT";"seq42";0;0;0;0;0;0;0;0;0;0;1763;864;108;0;0;0;0;0;0;0;0;0;0;0;0;0;0;0;0;0;0;0;0;0;0;0;0;0;216;419;465;984;0;0;0;0;0;0;0;0;0;0
"20";"ACTTTAATTTTGATCGCCTCCTTATCGATCAAGATCATAATAACCTCGTCGTACTATATGCGATTAGCAAAGACCGTCATGAAGTAGTTAAACTTAAGACAACCATGAAAGGGAATAATGTTGATAAAGCTTTTAAAAGTATCGAACCTGACATGCAGCCTTATACGGAAATCATCACGAATAAAGATACAATCGACAAAGCAACACACGTGTTTGCACCAAGCAAACCGAAAGACTTAAAGACGTATCGCATGGTCTTCAATACGATTAGTGTTGAACGCATGAACTCAATACTATTTGATGATTCAACGATCGTTCGTAGCTCTCAAAGTGGTACGACAACATACAACAACAATACTGGCGTCGCCAACTACAACGATAAAGATGAAATGTATCATTATAAGAATTTATCTGAAGATGCGAAAAGTTCAAGCAACATGCAAGAAACCATCCCAGGCACATACGAGTTTATAAAT";"seq34";0;0;0;0;0;0;0;0;0;0;0;0;0;0;0;0;0;0;0;0;0;0;0;0;0;0;0;0;0;0;1977;2041;0;0;0;0;0;0;0;0;0;0;0;0;0;0;0;0;0;0;0;0
"21";"ACTTTAATTTTGATCGCCTCCTTATCGATCAAGATCATAATAACCACGTTGTACTATATGCGATTAGCAAAGACCGTCATGAAGTAGTTAAACTTAAGACAACGATGAAAGGGAATAATGTTGATAAAGCTTTTAAAAGTATCGAACCTGACATGCAACCCTATACGGAAATCATCACGAATAAAGATACAATCGACAAAGCAACACACGTGTTTGCACCAAGCAAACCGAAAGACTTAAAGACGTATCGCATGGTCTTCAATACGATTAGTGTTGAACGCATGAACTCAATACTATTTGATGATTCAACGATTGTTCGTAGCTCTCAAAGTGGTACGACAACATACAACAACAATACTGGCGTCGCCAACTACAACGATAAAGATGAAATGTATCACTATAAGAATTTATCTGAAGACGCGAAAAGTTCAAGCAACATGCAAGAAACCATCCCAGGCACATACGAGTTTATAAAT";"seq7";0;0;0;0;0;0;0;0;0;0;0;0;383;0;0;0;0;0;0;0;0;0;0;0;0;0;2237;969;0;0;0;0;0;0;0;0;0;0;0;0;0;0;0;0;0;0;0;0;0;0;0;0
"22";"ACTTTAATTTTGATCGCCTCCTCATCGATCAAGATCATAATAACCACGTCGTACTATATGCGATTAGCAAAGACCGTCATGAAGTAGTTAAACTTAAGACAACGATGAAAGGGAATAACGTTGATAAAGCTTTTAAAAGTATCGAACCTGACATGCAGCCCTATACGGAAATCATCACGAATAAAGATACAATCGACAAAGCAACACACGTGTTTGCACCAAGCAAACCGAAAGACTTAAAGACGTATCGCATGGTCTTCAATACGATCAGTGTTGAACGCATGAACTCAATACTATTTGATGATTCAACGATTGTTCGTAGCTCTCAAAGTGGTACGACAACATACAACAACAATACTGGTGTCGCCAACTACAATGATAAAGATGAAATGTATCATTATAAGAATTTATCTGAAGACGCGAAAAGTTCAAGCAACATGCAAGAAACCATCCCAGGCACATACGAGTTTATAAAT";NA;0;0;0;0;0;0;1198;762;0;0;0;0;0;0;0;0;0;0;0;0;0;0;0;0;0;0;0;0;0;0;0;0;0;0;0;0;0;0;211;296;413;586;0;0;0;0;0;0;0;0;0;0
"23";"ACTTTAATTTTGATCGCCTCCTTATCGATCAAGATCATAATAACCACGTCGTACTATATGCGATTAGCAAAGACCGTCATGAAGTAGTTAAACTTAAGACAACCATGAAAGGGAATAATGTTGATAAAGCTTTTAAAAGTATCGAACCTGACATGCAGCGTTATACGGAAATCATCACGAATAAAGATACAATCGACAAAGCAACACACGTGTTTGCACCAAGCAAACCGAAAGACTTAAAGACGTATCGCATGGTCTTCAATACGATTAGTGTTGAACGCATGAACTCAATACTATTTGATGATTCAACGATCGTTCGTAGCTCTCAAAGTGGTACGACAACATACAACAACAATACTGGCGTCGCCAACTACAACGATAAAGATGAAATGTATCATTATAAGAATTTATCTGAAGATGCGAAAAGTTCAAGCAACATGCAAGAAACCATCCCAGGCACATACGAGTTTATAAAT";"seq34";0;0;0;0;0;0;1705;912;0;516;0;0;0;0;0;0;0;0;0;0;0;0;0;0;0;0;0;0;0;0;0;0;0;0;0;0;0;0;0;0;0;0;0;0;0;0;0;0;0;0;0;0
"24";"ACTTTAATTTTGATCGCCTCCTCATCGATCAAGATCATAATAACCACGTCGTACTATATGCGATTAGCAAAGACCGTCATGAAGTAGTTAAACTTAAGACAACGATGAAAGGGAATAACGTTGATAAAGCTTTTAAAAGTATCGAACCTGACATGCAACCCTATACGGAAATCATCACGAATAAAGATACAATCGACAAAGCAACACACGTGTTTGCCCCAAGCAAACCGAAAGACTTAAAGACGTATCGCATGGTCTTCAATACGATTAGTGTTGAACGCATGAATTCAATACTATTTGATGATTCAACGATTGTTCGTAGCTCTCAAAGTGGTACGACAACATACAACAACAATACTGGTGTCGCCAACTACAATGATAAAGATGAAATGTATCATTATAAGAATTTATCTGAAGACGCGAAAAGTTCAAGCAACATGCAAGAAACCATCCCAGGCACATACGAGTTTATAAAT";"seq57";0;0;0;0;0;0;0;0;0;0;685;0;0;0;0;0;0;0;0;0;0;0;0;0;0;0;1509;695;28;35;0;0;0;0;0;0;0;0;0;0;0;0;0;82;0;0;0;0;0;0;0;0
"25";"ACTTTAATTTTGATCGCCTCCTTATCGATCAAGATCATAATAACCACGTCGTACTATATGCGATTAGCAAAGACCGTCATGAAGTAGTTAAACTTAAGACAACGATGAAAGGGAATAACGTTGACAAAGCTTTTAAAAGTATCGAACCTGACATGCAACCCTATACGGAAATCATCACGAATAAAGATACAATCGACAAAGCAACACACGTGTTTGCACCAAGCAAACCGAAAGACTTAAAGACGTATCGCATGGTCTTCAATACGATCAGTGTTGAACGCATGAACTCAATACTATTTGATGATTCAACGATTGTTCGTAGCTCTCAAAGTGGTACGACAACATACAACAACAATACTGGCGTCGCCAACTACAATGATAAAGATGAAATGTATCATTATAAGAATTTATCTGAAGACGCGAAAAGTTCAAGCAACATGCAAGAAACCATCCCAGGCACATACGAGTTTATAAAT";"seq60";5;0;0;0;0;0;0;4;0;3;0;0;0;0;0;0;0;1;7;9;0;0;2;0;12;11;0;4;0;0;0;0;0;0;2;11;0;0;0;1;0;0;0;0;0;0;914;933;962;37;23;46
"26";"ACTTTAATTTTGATCGCCTTCTTATCGATCAAGATCATAATAACCACGTCGTACTATATGCGATTAGCAAAGACCGTCATGAAGTAGTTAAACTTAAGACAACCATGAAAGGGAATAATGTTGACAAAGCTTTTAAAAGTATCGAACCTGACATGCAGCCCTATACGGAAATCATCACGAATAAAGATACAATCGACAAAGCAACACACGTGTTTGCACCAAGCAAACCGAAAGACTTAAAGACGTATCGCATGGTCTTCAATACGATTAGTGTTGAACGCATGAACTCAATACTATTTGATGATTCAACGATTGTTCGTAGCTCTCAAAGTGGTACGACAACATACAACAACAATACTGGTGTCGCCAACTACAATGATAAAGATGAAATGTATCATTATAAGAATTTATCTGAAGACGCAAAAAGTTCAAGCAACATGCAAGAAACCATCCCAGGCACATACGAGTTTATAAAT";"seq50";0;0;0;0;0;0;0;0;0;0;0;0;0;316;0;0;0;0;0;0;0;0;0;0;2382;0;0;0;0;0;0;0;0;0;0;0;0;0;0;0;0;0;0;0;0;0;0;0;0;0;0;0
"27";"ACTTTAATTTTGATCGCCTCCTCATCGATCAAGATCATAATAACCACGTTGTACTATATGCGATTAGCAAAGACCGTCATGAAGTAGTTAAACTTAAGACAACGATGAAAGGGAATAATGTTGATAAAGCTTTTAAAAGTATCGAACCTGACATGCAACCCTATACAGAAATCATCACGAATAAAGATACAATCGACAAAGCAACACACGTGTTTGCACCAAGCAAACCGAAAGACTTAAAGACGTATCGCATGGTCTTCAATACGATTAGTGTTGAACGCATGAATTCAATACTATTTGATGATTCAACGATTGTTCGTAGCTCTCAAAGTGGTACGACAACATACAACAACAATACTGGTGTCGCCAACTATAACGATAAAGATGAAATGTATCATTATAAGAATTTATCTGAAGACGCGAAAAGTTTAAGCAACATGCAAGAAACCATCCCAGGCACATACGAGTTTATAAAT";"seq55";0;0;0;0;0;0;0;0;0;1922;0;0;0;0;0;0;0;0;0;0;0;0;0;0;0;0;318;135;0;0;0;0;0;0;0;0;0;0;0;0;0;0;0;0;0;0;0;0;0;0;0;0
"28";"ACTTTAATTTTGATCGCCTCCTCATCGATCAAGATCATAATAACCACGTCGTACTATATGCGATTAGCAAAGACCGTCATGAAGTAGTTAAACTTAAGACAACGATGAAAGGGAATAATGTTGACAAAGCTTTTAAAAGTATCGAACCTGACATGCAGCCCTATACGGAAATCATCACGAATAAAGATACAATCGACAAAGCAACACACGTGTTTGCACCAAGCAAACCGAAAGACTTAAAGACGTATCGCATGGTCTTCAATACGATTAGTGTTGAACGCATGAACTCAATACTATTTGATGATTCAACGATTGTTCGTAGCTCTCAAAGTGGTACGACAACATACAACAACAATACTGGTGTCGCCAACTACAATGATAAAGATGAAATGTATCATTATAAGAATTTATCTGAAGACGCAAAAAGTTCAAGCAACATGCAAGAAACCATCCCAGGCACATACGAGTTTATAAAT";"seq53";0;0;104;105;0;0;753;239;80;734;0;0;0;2;14;0;0;0;0;0;0;0;0;0;0;0;0;0;0;0;0;0;0;0;0;0;0;0;0;0;0;0;0;0;0;0;0;0;0;0;0;0
"29";"ACTTTAATTTTGATCGCCTCCTTATCGATCAAGATCATAATAACCACGTCGTACTATTTGCGATTAGCAAAGACCGTCATGAAGTAGTTAAACTTAAGACAACGATGAAAGGGAATAATGTTGATAAAGCTTTTAAAAGTATCGAACCTGACATGCAGCCCTATACGGAAATCATCACGAATAAAGATACAATCGACAAAGCAACACACGTGTTTGCACCAAGCAAACCGAAAGACTTAAAGACGTATCGCATGGTCTTCAATACGATCAGTGTTGAACGCATGAACTCAATACTATTTGATGATTCAACGATTGTTCGTAGCTCTCAAAGTGGTACGACAACATACAACAACAATACTGGCGTCGCCAACTACAATGATAAAGATGAAATGTATCATTATAAGAATTTATCTGAAGACGCGAAAAGTTCAAGCAACATGAAAGAAACCATCCCAGGCACATACGAGTTTATAAAT";"seq43";1057;638;0;0;0;0;0;0;0;0;0;0;0;0;0;0;0;0;0;0;0;0;0;0;0;0;0;0;0;0;0;0;0;0;0;0;0;0;0;0;0;0;0;0;0;190;0;0;0;0;0;0
"30";"ACTTTAATTTTGATCGCCTCCTCATCGATCAAGATCATAATAACCACGTCGTACTATATGCGATTAGCAAAGACCGTCATGAAGTAGTTAAACTTAAGACAACGATGAAAGGGAATAACGTTGACAAAGCATTTAAAAGTATCGAACCTGACATGCAACCCTATACGGAAATCATCACGAATAAAGATACAATCGACAAAGCAACACACGTGTTTGCCCCAAGCAAACCGAAAGACTTAAAGACGTATCGCATGGTCTTCAATACGATTAGTGTTGAACGCATGAATTCAATACTATTTGATGATTCAACGATTGTTCGTAGCTCTCAAAGTGGTACGACAACATACAACAACAATACCGGTGTCGCCAACTACAACGATAAAGATGAAATGTATCATTATAAGAATTTATCTGAAGACGCGAAAAGTTCAAGCAACATGCAAGAAACCATCCCAGGCACATACGAGTTTATAAAT";"seq56";0;0;0;0;0;0;0;0;56;196;0;0;0;0;0;0;0;0;0;0;0;0;294;179;1112;0;0;0;0;25;0;0;0;0;0;0;0;0;0;0;0;0;0;0;0;0;0;0;0;0;0;0
"31";"ACTTTAATTTTGATCGCCTCCTCATCGATCAAGATCATAATAACCACGTCGTACTATATGCGATTAGCAAAGACCGTCATGAAGTAGTTAAACTTAAGACAACGATGAAAGGGAATAATGTTGACAAAGCTTTTAAAAGTATCGAACCTGACATGCAGCCCTATACGGAAATCATCACGAATAAAGATACAATCGACAAAGCAACACACGTGTTTGCACCAAGCAAACCGAAAGACTTAAAGACGTATCGCATGGTCTTCAATACGATTAGTGTTGAACGCATGAACTCAATACTATTTGATGATTCAACAATTGTTCGTAGCTCTCAAAGTGGTACGACAATATACAACAACAATACTGGTGTCGCCAACTACAACGATAAAGATGAAATGTATCATTATAAGAATTTATCTGAAGACGCGAAAAGTTCAAGCAACATGCAAGAAACCATCCCAGGCACGTACGAGTTTATAAAT";NA;0;0;0;0;0;0;0;0;0;0;0;0;0;0;0;0;0;0;0;0;722;687;0;0;0;0;0;0;0;0;0;0;0;0;0;0;0;0;0;0;0;0;0;0;0;0;0;0;0;0;0;0
"32";"ACTTTAATTTTGATCGCCTCCTCATCGATCAAGATCATAATAACCACGTCGTACTATATGCGATTAGCAAAGACCGTCATGAAGTAGTTAAACTTAAGACAACGATGAAAGGGAATAATGTTGATAAAGCTTTTAAAAGTATCGAATCTGACATGCAGCCCTATACGGAAATCATCACGAATAAAGATACAATCGACAAAGCAACACACGTGTTTGCACCAAGCAAACCGAAAGACTTAAAGACGTATCGCATGGTCTTCAATACGATTAGTGTTGAACGCATGAACTCAATACTATTTGATGATTCAACGATTGTTCGTAGCTCTCAAAGTGGTACGACAACATACAACAACAATACTGGTGTCGCCAACTATAACGATAAAGATGAAATGTATCATTATAAGAATTTATCTGAAGACGCGAAAAGTTCAAACAACATGCAAGAAACCATCCCAGGCACATACGAGTTTATAAAT";"seq63";0;0;0;0;0;0;0;0;0;0;0;0;0;0;0;0;0;0;0;0;60;0;0;0;0;0;0;0;0;0;0;0;1021;217;0;0;0;0;0;0;0;0;0;0;0;0;0;0;0;0;0;0
"33";"ACTTTAATTTTGATCGCCTTCTTATCGATCAAGATCATAATAACCACGTCGTACTATATGCGATTAGCAAAGACCGTCATGAAGTAGTTAAACTTAAGACAACGATGAAAGGGAATAATGTTGACAAAGCTTTTAAAAGTATCGAATCTGACATGCAGCCCTATACTGAAATCATCACGAATAAAGATACAATCGACAAAGCAACACACGTGTTTGCACCAAGCAAACCGAAAGACTTAAAGACGTATCGCATGGTCTTCAATACGATTAGTGTTGAACGCATGAACTCAATACTATTTGATGATTCAACGATTGTTCGTAGCTCTCAAAGTGGTACGACAACATACAACAACAATACTGGTGTCGCCAACTATAACGATAAAGATGAAATGTATCATTATAAGAATTTATCTGAAGACGCGAAAAGTTCAAGCAACATGCAAGAAACCATCCCAGGCACATACGAGTTTATAAAT";"seq58";0;0;0;0;0;0;0;0;0;0;0;0;0;0;0;0;0;0;336;0;693;0;0;6;0;0;0;199;0;0;0;0;0;0;0;0;0;0;0;0;0;0;0;0;0;0;0;0;0;0;0;0
"34";"ACTTTAATTTTGATCGCCTCCTTATCGATCAAGATCATAATAACCACGTCGTACTATATGCGATTAGCAAAGACCGTCATGAAGTAGTTAAACTTAAGACAACGATGAAAGGGAATAACGTTGATAAAGCTTTTAAAAGTATCGAACCTGATATGCAGCCCTATACGGAAATCATCACGAATAAAGATACAATCGACAAAGCAACACACGTGTTTGCACCAAGCAAACCGAAAGACTTAAAGACGTATCGCATGGTCTTCAATACGATTAGTGTTGAACGCATGAACTCAATACTATTTGATGATTCAACGATCGTTCGTAGCTCTCAAAGTGGTACGACAACATACAACAACAATACTGGCGTCGCCAACTACAACGATAAAGATGAAATGTATCATTATAAGAATTTATCTGAAGATGCGAAAAGTTCAAGCAACATGCAAGAAACCATCCCAGGCACATACGAGTTTATAAAT";"seq14";0;0;20;12;0;0;4;0;0;0;72;56;9;0;3;0;11;3;0;0;0;0;277;180;7;0;46;42;139;90;20;33;54;23;0;0;0;0;0;0;0;0;38;2;45;44;0;0;0;0;0;0
"35";"ACTTTAATTTTGATCGCCTCCTCATCGATCAAGATCATAATAACCACGTCGTACTATATGCGATTAGCAAAGACCGTCATGAAGTAGTTAAACTTAAGACAACGATGAAAGGGAATAATGTTGACAAAGCTTTTAAAAGTATCGAACCTGACATGCAGCCCTATACGGAAATCATCACGAATAAAGATACAATCGACAAAGCAACACACGTGTTTGCACCAAGCAAACCGAAAGACTTAAAGACGTATCGCATGGTCTTCAATACGATTAGTGCTGAACGCATGAATTCAATACTATTTGATGATTCAACGATTGTTCGTAGCTCTCAAAGTGGTACGACAACATACAACAACAATACTGGTGTCGCCAACTATAACGATAAAGATGAAATGTATCATTATAAGAATTTATCTGAAGACGCGAAAAGTTCAAGCAACATGCAAGAAACCATCCCAGGCACATACGAGTTTATAAAT";"seq65";0;0;0;0;0;0;0;0;0;0;0;0;0;0;0;0;0;0;0;0;0;0;0;0;0;0;241;721;126;95;0;0;0;0;0;0;0;0;0;0;0;0;0;0;0;0;0;0;0;0;0;0
"36";"ACTTTAATTTTGATCGCCTCCTTATCGATCAAGATCATAATAACCACGTCGTACTATATGCGATTAGCAAAGACCGTCATGAAGTAGTTAAACTTAAGACAACGATGAAAGGTAATAACGTTGATAAAGCTTTTAAAAGTATCGAACCTGATATGCAGCCCTATACGGAAATCATCACGAATAAAGATACAATCGACAAAGCAACACACGTGTTTGCACCAAGCAAACCGAAAGACTTAAAGACGTATCGCATGGTCTTCAATACGATTAGTGTTGAACGCATGAATTCAATACTATTTGATGATTCAACGATTGTTCGTAGCTCTCAAAGTGGTACGACAACATACAACAACAATACTGGTGTCGCCAACTATAACGATAAAGATGAAATGTATCATTATAAGAATTTATCTGAAGACGCGAAAAGTTCAAGCAACATGCAAGAAACCATCCCAGGCACATACGAGTTTATAAAT";NA;0;0;0;0;0;0;0;0;0;0;0;0;0;0;0;0;0;0;0;0;0;0;0;0;0;0;0;0;0;0;0;0;0;0;0;0;0;0;0;0;0;0;1062;0;0;0;0;0;0;0;0;0
"37";"ACTTTAATTTTAATCGCCTCCTTATCGATCAAGATCATAATAACCACGTTGTACTATATGCGATTAGCAAAGACCGTCATGAAGTAGTTAAACTTAAGACAACGATGAAAGGGAATAACGTTGATAAAGCTTTTAAAAGTATCGAACCTGACATGCAACCCTATACGGAAATCATCACGAATAAAGATACAATCGACAAAGCAACACACGTGTTTGCACCAAGCAAACCGAAAGACTTAAAGACGTATCGCATGGTCTTCAATACGATTAGTGTTGAACGCATGAACTCAATACTATTTGATGATTCAACGATTGTTCGTAGCTCTCAAAGTGGTACGACAACATACAACAACAATACTGGCGTCGCCAACTACAACGATAAAGATGAAATGTATCATTATAAGAATTTATCTGAAGATGCGAAAAGTTCAAGCAACATGCAAGAAACTATCCCAGGCACATACGAGTTTATAAAT";NA;0;0;121;0;0;0;130;243;0;0;0;0;0;0;0;62;0;0;0;0;0;0;0;0;0;0;0;0;0;0;0;0;0;0;0;79;0;0;55;98;77;170;0;0;0;0;0;0;0;0;0;0
"38";"ACTTTAATTTTGATCGCCTCCTTATCGATCAAGATCATAATAACCACGTCGTACTATATGCGATTAGCAAAGATCGTCATGAAGTAGTTAAACTTAAGACAACCATGAAAGGGAATAATGTTGATAAAGCTTTTAAAAGTATCGAACCTGACATGCAGCCCTATACGGAAATCATCACGAATAAAGATACAATCGACAAAGCAACACACGTGTTTGCACCAAGCAAACCGAAAGACTTAAAGACGTATCGCATGGTCTTCAATACGATTAGTGTTGAACGCATGAACTCAATACTATTTGATGATTCAACGATTGTTCGTAGCTCTCAAAGTGGTACGACAACATACAACAACAATACTGGCGTCGCCAACTACAACGATAAAGATGAAATGTATCATTATAAGAATTTATCTGAAGATGCGAAAAGTTCAAGCAACATGCAAGAAACCATCCCAGGCACATACGAGTTTATAAAT";"seq10";0;0;0;0;0;0;0;0;0;0;0;0;0;0;487;449;0;0;0;0;0;0;0;0;0;0;0;0;0;0;0;0;0;0;0;0;0;0;0;0;0;0;0;0;0;0;0;0;0;0;0;0
"39";"ACTTTAATTTTGATCGCCTCCTTATCGATCAAGATCATAATAACCACGTCGTACTATATGCGATTAGCAAAGACCGTCATGAAGTAGTTAAACTTAAGACAACGATGAAAGGGAATAATGTTGATAAAGCTTTTAAAAGTATCGAACCTGACATGCAGCCCTATACGGAAATCATCACGAATAAAGATACAATCGACAAAGCAACACACGTGTTTGCACCAAGCAAACCGAAAGACTTAAAGACGTATCGCATGGTCTTCAATACGATTAGTGTTGAACGCATGAACTCAATACTATTTGATGATTCAACGATTGTTCGTAGCTCTCAAAGTGGTACGACAACATACAACAACAATACTGGTGTCGCCAACTACAACGATAAAGATGAAATGTATCATTATAAGAATTTATCTGAAGATGCGAAAAGTTCAAGTAACATGCAAGAAACCATCCCAGGCACATACGAGTTTATAAAT";NA;0;0;0;0;0;0;0;0;920;0;0;0;0;0;0;0;0;0;0;0;0;0;0;0;0;0;0;0;0;0;0;0;0;0;0;0;0;0;0;0;0;0;0;0;0;0;0;0;0;0;0;0
"40";"ACTTTAATTTTGATCGCCTCCTCATCGATCAAGATCATAATAACCACGTCGTACTATATGCGATTAGCAAAGACCGTCATGAAGTAGTTAAACTTAAGACAACGATGAAAGGGAATAATGTTGATAAAGCTTTTAAAAGTATCGAACCTGATATGCAGCCCTATACGGAAATCATCACGAATAAAGATACAATCGACAAAGCAACACACGTGTTTGCACCAAGCAAACCGAAAGACTTAAAGACGTATCGCATGGTCTTCAATACGATTAGTGTTGAACGCATGAACTCAATACTATTTGATGATTCAACGATTGTTCGTAGCTCTCAAAGTGGTACGACAACATACAACAACAACACTGGCGTCGCCAATTACAACGATAAAGATGAAATGTATCATTATAAGAATTTATCTGAAGACGCGAAAAGTTCAAGCAACATGCAAGAAACCATCTCAGGCACGTACGAGTTTATAAAT";NA;0;0;0;0;0;0;0;0;0;0;906;0;0;0;0;0;0;0;0;0;0;0;0;0;0;0;0;0;0;0;0;0;0;0;0;0;0;0;0;0;0;0;0;0;0;0;0;0;0;0;0;0
"41";"ACTTTAATTTTGATCGCCTCCTCATCGATCAAGATCATAATAACCACGTCGTACTATATGCGATTAGCAAAGACCGTCATGAAGTAGTTAAACTTAAGACAACGATGAAAGGGAATAACGTTGATAAAGCTTTTAAAAGTATCGAACCTGACATGCAGCCCTATACGGAAATCATCACGAATAAAGATACAATCGACAAAGCAACACACGTGTTTGCACCAAGCAAACCGAAAGACTTAAAGACGTATCGCATGGTCTTCAATACGATTAGTGTTGAACGCATGAATTCAATACTATTTGATGATTCAACGATTGTTCGTAGCTCTCAAAGTGGTACGACAACATACAACAACAATACTGGTGTCGCCAACTATAACGATAAAGATGAAATGTATCATTATAAGAATTTATCTGAAGACGCGAAAAGTTCAAGCAACATGCAAGAAACCATCCCAGGCACATACGAGTTTATAAAT";"seq65,64,63";0;0;0;0;0;0;0;0;747;0;0;0;0;0;0;0;0;0;0;0;0;0;0;0;0;0;0;0;0;0;0;0;0;0;0;0;0;0;0;0;0;0;0;0;0;0;0;0;0;0;0;0
"42";"ACTTTAATTTTGATCGCCTCCTTATCGATCAAGATCATAATAACCACGTCGTACTATATGCGATTAGCAAAGACCGTCATGAAGTAGTTAAACTTAAGACAACCATGAAAGGGAATAATGTTGATAAAGCTTTTAAAAGTATCGAACCTTACATGCAGCCTTATACGGAAATCATCACGAATAAAGATACAATCGACAAAGCAACACACGTGTTTGCACCAAGCAAACCGAAAGACTTAAAGACGTATCGCATGGTCTTCAATACGATTAGTGTTGAACGCATGAACTCAATACTATTTGATGATTCAACGATCGTTCGTAGCTCTCAAAGTGGTACGACAACATACAACAACAATACTGGCGTCGCCAACTACAACGATAAAGATGAAATGTATCATTATAAGAATTTATCTGAAGATGCGAAAAGTTCAAGCAACATGCAAGAAACCATCCCAGGCACATACGAGTTTATAAAT";"seq34";0;0;0;0;0;0;0;0;0;0;0;0;0;0;0;0;0;0;0;0;0;0;0;0;0;0;0;0;0;0;0;0;0;0;0;0;0;0;0;0;0;0;0;0;717;0;0;0;0;0;0;0
"43";"ACTTTAATTTTGATCGCCTCCTTATCGATCAAGATCATAATAACCACGTCGTACTATATGCGATTAGCAAAGACCGTCATGAAGTAATTAAACTAAAGACAACGATGAAAGGGAATAATGTTGATAAAGCTTTTAAAAGTATCGAACCTGACATGCAACCCTATACGGAAATCATCACGAATAAAGATACAATCGACAAAGCAACACACGTGTTTGCACCAAGCAAACCGAAAGACTTAAAGACGTATAGCATGGTCTTCAATACGATTAGTGTTGAACGCATGAACTCAATACTATTTGATGATTCAACGATCGTTCGTAGCTCTCAAAGTGGTACGACAACATACAACAACAATACTGGCGTCGCCAACTACAACGATAAAGATGAAATGTATCATTATAAGAATTTATCTGAAGATGCGAAAAGTTCAAGCAACATGCAAGAAACCATCCCAGGCACATACGAGTTTATAAAT";NA;0;0;0;0;0;0;0;0;0;702;0;0;0;0;0;0;0;0;0;0;0;0;0;0;0;0;0;0;0;0;0;0;0;0;0;0;0;0;0;0;0;0;0;0;0;0;0;0;0;0;0;0
"44";"ACTTTAATTTTGATCGCCTCCTTATCGATCAAGATCATAATAACCACGTCGTACTATATGCGATTAGCAAAGACCGTCATGAAGTAGTTAAACTTAAGACAACGATGAAAGGGAATAACGTTGATAAAGCTTTTAAAAGTATCGAACCTGATATGCAGCCCTATACGGAAATCATCACGAATAAAGATACAATCGACAAAGCAACACACGTGTTTGCACCAAGCAAACCGAAAGACTTAAAGACGTATCGCATGGTCTTCAATACGATTAGTGTTGAACGCATGAACTCAATACTATTTGATGATTCAACGATTGTTCGTAGCTCTCAAAGTGGTACGACAACATACAACAACAATACTGGCGTCGCCAACTACAACGATAAAGATGAAATGTATCATTATAAGAATTTATCTGAAGATGCGAAAAGTTCAAGCAACATACAAGAAACCATCCCAGGCACATACGAGTTTATAAAT";"seq14";0;0;0;0;0;0;0;0;0;0;0;680;0;0;0;0;0;0;0;0;0;0;0;0;0;0;0;0;0;0;0;0;0;0;0;0;0;0;0;0;0;0;0;0;0;0;0;0;0;0;0;0
"45";"ACTTTAATTTTGATCGCCTCCTTATAGATCAAGATCATAATAACCACGTCGTACTATATGCGATTAGCAAAGACCGTCATGAAGTAGTTAAACTTAAGACAACGATGAAAGGGAATAATGTTGATAAAGCTTTTAAAAGTATCGAACCCGACATGCAGCCCTATACGGAAATCATCACGAATAAAGATACAATCGACAAAGCAACACACGTGTTTGCACCAAGCAAACCGAAAGACTTAAAGACGTATCGCATGGTCTTCAATACGATTAGTGTTGAACGCATGAACTCAATACTATTTGATGATTCAACAATTGTTCGTAGCTCTCAAAGTGGTACGACAACATACAACAACAATACTGGCGTTGCCAACTACAACGATAAAGATGAAATGTATCATTATAAGAATTTATCTGAAGACGCGAAAAGTTCAAGCAACATGCAAGAAACCATCCCAGGCACGTACGAGTTTATAAAT";"seq35";0;0;0;0;0;0;0;0;571;0;0;0;0;0;0;0;0;0;0;0;0;0;0;0;0;0;0;0;0;0;0;0;0;0;0;0;0;0;0;0;0;0;0;0;0;0;0;0;0;0;0;0
"46";"ACTTTAATTTTGACCGCCTCCTTATCGATCAAGATCATAATAACCACGTCGTACTATATGCGATTAGCAAAGACCGTCATGAAGTAGTTAAACTTAAGACAACGATGAAAGGGAATAATGTTGATAAAGCTTTTAAAAGTATCGAACCTGACATGCAGCCCTATACGGAAATCATCACGAATAAAGATACAATCGACAAAGCAACACACGTGTTTGCACCAAGCAAACCGAAAGACTTAAAGACGTATCGCATGGTCTTCAATACGATTAGTGTTGAACGCATGAACTCAATACTATTTAATGATTCAACGATTGTTCGTAGCTCTCAAAGTGGTACGACAACATACAACAACAATACTGGCGTCGCCAACTACAACGATAAAGATGAAATGTATCATTATAAGAATTTATCTGAAGATGCGAAAAGTTCAATCAACATGCAAGAAACCATCCCAGGCACATACGAGTTTATAAAT";"seq25";0;0;0;0;0;0;150;274;0;0;0;0;0;0;0;0;0;0;0;0;0;0;0;0;0;0;0;0;0;0;63;82;0;0;0;0;0;0;0;0;0;0;0;0;0;0;0;0;0;0;0;0
"47";"ACTTTAATTTTGATCGCCTCCTTATCGATCAAGATCATAATAACCACGTCGTACTATTTGCGATTAGCAAAGACCGTCATGAAGTAGTTAAACTTAAGACAACGATGAAAGGGAATAATGTTGATAAAGCTTTTAAAAGTATCGAACCTGACATGCAGCCCTATACGGAAATCATCACGAATAAAGATACAATCGACAAAGCAACACACGTGTTTGCACCAAGCAAACCGAAAGACTTAAAGACGTATCGCATGGTCTTCAATACGATAAGTGTTGAACACATGAACTCAATACTATTTGATGATTCAACGATTGTTCGTAGCTCTCAAAGTGGTACGACAACATACAACAACAATACTGGCGTCGCCAACTACAATGATAAAGATGAAATGTATCATTATAAGAATTTATCTGAAGACGCGAAAAGTTCAAGCAACATGCAAGAAACCATCCCAGGCACATACGAGTTTATAAAT";"seq42";0;0;0;0;0;0;0;0;0;0;539;0;0;0;0;0;0;0;0;0;0;0;0;0;0;0;0;0;0;0;0;0;0;0;0;0;0;0;0;0;0;0;0;0;0;0;0;0;0;0;0;0
"48";"ACTTTAATTTTGATCGCCTCCTTATCGATCAAGATCATAATAACCACGTCGTACTATATGCGATTAGCAAAGACCGTCATGAAGTAGTTAAACTTAAGACAACGATGAAAGGGAATAATGTTGATAAAGCTTTTAAAAGTATCGAACCTGACATGCAACCCTATACGGAAATCATCACGAATAAAGATACAATCGACAAAGCAACACACGTGTTTGCACCAAGCAAACCGAAAGACTTAAAGACGTATCGCATGGTCTTCAATACGATCAGTGTTGAACGCATGAACTCAATACTATTTGATGATTCAACGATTGTTCGTAGCTCTCAAAGTGGTACGACAACATACAACAACAATACTGGTGTCGCCAACTATAACGATAAAGATGAAATGTATCATTATAAGAATTTATCTGAAGACGCGAAAAGTTCAAGCAACATGCAAGAAACCATCCCAGGCACATACGAGTTTATAAAT";"seq62";0;0;0;0;0;0;0;0;0;0;0;0;0;0;0;0;0;0;0;0;0;0;0;0;0;0;0;0;0;0;0;0;0;0;0;0;0;0;0;13;31;0;0;0;0;0;134;165;171;0;0;0
"49";"ACTTTAATTTTGATCGCCTCCTTATCGATCAAGATCATAATAACCACGTCGTACTATATGCGATTAGCAAAGACCGTCATGAAGTAGTTAAACTTAAGACAACGATGAAAGGGAATAACGTTGATAAAGCTTTTAAAAGTATCGAACCTGACATGCAGCCCTATACGGAAATCATCACGAATAAAGATACAATCGACAAAGCAACACACGTGTTTGCACCAAGCAAACCGAAAGACTTAAAGACGTATCGCATGGTCTTCAATACGATTAGTGTTGAACGCATGAATTCAATACTATTTGATGATTCAACGATTGTTCGTAGCTCTCAAAGTGGTACGACAACATACAACAACAATACTGGCGTCGCCAACTACAATGATAAAGATGAAATGTATCATTATAAGAATTTATCTGAAGACGCGAAAAGTTCAAGCAACATGCAAGAAACCATCCCAGGCACATACGAGTTTATAAAT";NA;0;0;0;0;0;0;0;0;0;0;0;0;0;0;0;0;0;0;0;0;0;0;0;0;485;0;0;0;0;0;0;0;0;0;0;0;0;0;0;0;0;0;0;0;0;0;0;0;0;0;0;0
"50";"ACTTTAATTTTGATCGCCTCCTCATCGATCAAGATCATAATAACCACGTCGTACTATATGCGATTAGCAAAGACCGTCATGAAGTAGTTAAACTTAAGACAACGATGAAAGGGAATAATGTTGATAAAGCTTTTAAAAGTATCGAACCTGACATGCAGCCCTATACGGAAATCATCACGAATAAAGATACAATCGACAAAGCAACACACGTGTTTGCACCAAGCAAACCGAAAGACTTAAAGACGTATCGCATGGTCTTCAATACGATTAGTGTTGAACGCATGAACTCAATACTATTTGATGATTCAACGATTGTTCGTAGCTCTCAAAGTGGTACGACAACATACAACAACAATACTGGTGTCGCCAACTATAACGATAAAGATGAAATGTATCATTATAAGAATTTATCTGAAGACGCGAAAAGTTCAAGCAACATGCAAGAAACCATCCCAGGCACATACGAGTTTATAAAT";"seq63";0;0;0;0;0;0;0;189;0;0;0;0;0;0;0;0;0;0;0;0;282;0;0;0;0;0;0;0;0;0;0;0;0;0;0;0;0;0;0;0;0;0;0;0;0;0;0;0;0;0;0;0
"51";"ACTTTAATTTTGATCGCCTCCTTATCGATCAAGATCATAATAACCACGTCGTACTATTTGCGATTAGCAAAGACCATCATGAAGTAGTTAAACTTAAGACAACGATGAAAGGGAATAATGTTGATAAAGCTTTTAAAAGTATCGAACCTGACATGCAGCCCTATACGGAAATCATCACGAATAAAGATACAATCGACAAAGCAACACACGTGTTTGCACCAAGCAAACCGAAAGACTTAAAGACGTATCGCATGGTCTTCAATACGATCAGTGTTGAACGCATGAACTCAATACTATTTGATGATTCAACGATTGTTCGTAGCTCTCAAAGTGGTACGACAACATACAACAACAATACTGGCGTCGCCAACTACAATGATAAAGATGAAATGTATCATTATAAGAATTTATCTGAAGACGCGAAAAGTTCAAGCAACATGCAAGAAACCATCCCAGGCACATACGAGTTTATAAAT";"seq43";0;0;0;0;0;0;0;0;0;0;0;0;0;0;0;0;0;0;0;189;0;0;0;0;178;0;0;0;0;0;0;0;0;0;0;0;0;0;0;0;0;0;0;0;0;0;0;0;0;0;0;0
"52";"ACTTTAATTTTGATCGCCTCCTTATCGATCAAGATCATAATAACCACGTCGTACTATATGCGATTAGCAAAGACCGTCATGAAGTAGTTAAACTTAAGACAACGATGAAAGGGAATAATGTTGACAAAGCTTTTAAAAGTATCGAACCTGACATGCAGCCCTATACGGAAATCATCACGAATAAAGATACAATCGACAAAGCAACACACGTGTTTGCACCAAGCAAACCGAAAGACTTAAAGACATATCGTATGGTCTTCAATACGATTAGTGTTGAACGCATGAACTCAATACTATTTGATGATTCAACTATTGTTCGTAGCTCTCAAAGTGGTACGACAACATACAACAACAATACTGGCGTCGCCAACTATAACGATAAAGATGAAATGTATCATTATAAGAATTTATCTGAAGACGCGAAAAGTTCAAGCAACATGCAAGAAACCATCCCAGGCACATACGAGTTTATAAAT";NA;0;0;0;0;0;0;0;0;0;0;0;0;0;0;0;0;0;0;0;0;0;0;0;0;0;0;0;0;0;0;0;0;0;0;0;0;0;0;0;0;0;0;0;0;0;345;0;0;0;0;0;0
"53";"ACTTTAATTTTGATCGCCTCCTTATCGATCAAGATTATAATAACCACGTTGTACTATTTGCGATTAGCAAAGACCGTCATGAAGTAGTTAAACTTAAGACAACGATGAAAGGGAATAATGTTGATAAAGCTTTTAAAAGTATCGAACCTGACATGCAGCCCTATACGGAAATCATCACGAATAAAGATACAATCGACAAAGCAACACACGTGTTTGCACCAAGCAAACCGAAAGACTTAAAGACGTATCGCATGGTCTTCAATACGATTAGTGTTGAACGCATGAACTCAATACTATTTGATGATTCAACGATTGTTCGTAGCTCTCAAAGTGGTACGACAACATACAACAACAATACTGGTGTCGCCAACTACAACGATAAAGATGAAATGTATCATTATAAGAATTTATCTGAAGATGCGAAAAGTTCAAGTAACATGCAAGAAACCATCCCAGGCACATACGAGTTTATAAAT";NA;0;0;0;0;0;0;0;0;0;0;0;0;0;0;62;0;0;0;0;0;0;0;0;0;282;0;0;0;0;0;0;0;0;0;0;0;0;0;0;0;0;0;0;0;0;0;0;0;0;0;0;0
"54";"ACTTTAATTTTGATCGCCTCCTTATCGATCAAGATCATAATAACCACGTCGTACTATATGCGATTAGCAAAGACCGTCATGAAGTAGTTAAACTTAAGACAACCATGAAAGGGAATAATGTTGATAAAGCTTTTAAAAGTATCGAACCTGACATGCAGCCTTATACGGAAATCATCACGAATAAAGATACAATCGACAAAGCAACACACGTGTTTGCACCAAGCAAACCGAAAGACTTAAAGACGTATCGCATGGTCTTCAATACGATTAGTGTTGAACGCATGAACTCAATACTATTTGATAATTCAACGATCGTTCGTAGCTCTCAAAGTGGTACGACAACATACAACAACAATACTGGCGTCGCCAACTACAACGATAAAGATGAAATGTATCATTATAAGAATTTATCTGAAGATGCGAAAAGTTCAAGCAACATGCAAGAAACCATCCCAGGCACATACGAGTTTATAAAT";"seq34";0;0;0;0;0;0;0;0;0;0;0;0;0;0;0;0;0;0;0;0;0;0;0;0;0;0;0;0;0;0;0;0;0;0;0;0;0;0;0;0;0;0;323;0;0;0;0;0;0;0;0;0
"55";"ACTTTAATTTTGATCGCCTCCTCATCGATCAAGATCATAATAACCACGTTGTACTATATGCGATTAGCAAAGACCGTCATGAAGTAGTTAAACTTAAGACAACGATGAAAGGGAATAATGTTGATAAAGCTTTTAAAAGTATCGAACCTGACATGCAACCCTATACAGAAATAATCACGAATAAAGATACAATCGACAAAGCAACACACGTGTTTGCACCAAGCAAACCGAAAGACTTAAAGACGTATCGCATGGTCTTCAATACGATTAGTGTTGAACGCATGAATTCAATACTATTTGATGATTCAACGATTGTTCGTAGCTCTCAAAGTGGTACGACAACATACAACAACAATACTGGTGTCGCCAACTATAACGATAAAGATGAAATGTATCATTATAAGAATTTATCTGAAGACGCGAAAAGTTCAAGCAACATGCAAGAAACCATCCCAGGCACATACGAGTTTATAAAT";"seq55";0;0;0;0;0;0;0;0;302;0;0;0;0;0;0;0;0;0;0;0;0;0;0;0;0;0;0;0;0;0;0;0;0;0;0;0;0;0;0;0;0;0;0;0;0;0;0;0;0;0;0;0
"56";"ACTTTAATTTTGATCGCCTTCTTATCGATCAAGATCATAATAACCACGTCGTACTATATGCGATTAGCAAAGACCGTCATGAAGTAGTTAAACTTAAGACAAGCATGAAAGGGAATAATGTTGATAAAGCTTTTAAAAGTATCGAACCTGACATGCAACCCTATACGGAAATCATCACGAATAAAGATACAATCGACAAAGCAACACACGTGTTTGCACCAAGCAAACCGAAAGACTTAAAGACGTATCGCATGGTCTTCAATACGATTAGTGTTGAACGCATGAACTCAATACTATTTGATGATTCAACGATTGTTCGTAGCTCTCAAAGTGGTACGACAACATACAACAACAATACTGGCGTCGCCAACTACAACGATAAAGATGAAATGTATCATTATAAGAATTTATCTGAAGATGCGAAAAGTTCAAGTAACATGCAAGAAACCATACCAGGCACATACGAGTTTATAAAT";"seq21";0;0;0;0;0;0;0;0;0;0;0;0;274;0;0;0;0;0;0;0;0;0;0;0;0;0;0;0;0;0;0;0;0;0;0;0;0;0;0;0;0;0;0;0;0;0;0;0;0;0;0;0
"57";"ACATTAATTTTGATCGTCTCCTTATCGATCAAGATCATAATAACCACGTCGTACTATTTGCGATTAGCAAAGACCGTCATGAAGTAGTTAAACTTAAGACAACGATGAAAGGGAATAATGTTGATAAAGCTTTTAAAAGTATCGAACCTGACATGCAGCCCTATACGGAAATCATCACGAATAAAGATACAATCGACAAAGCAACACACGTGTTTGCACCAAGCAAACCGAAAGACTTAAAGACGTATCGCATGGTCTTCAATACGATCAGTGTTGAACGCATGAACTCAATACTATTTGATGATTCAACGATTGTTCGTAGCTCTCAAAGTGGTACGACAACATACAACAACAATACTGGCGTCGCCAACTACAATGATAAAGATGAAATGTATCATTATAAGAATTTATCTGAAGACGCGAAAAGTTCAAGCAACATGCAAGAAACCATCCCAGGCACATACGAGTTTATAAAT";"seq37,36";0;0;0;0;0;0;0;0;0;0;0;0;0;0;0;0;0;0;0;0;267;0;0;0;0;0;0;0;0;0;0;0;0;0;0;0;0;0;0;0;0;0;0;0;0;0;0;0;0;0;0;0
"58";"ACTTTAATTTTGATCGCCTCCTTATCGATCAGGATCATAATAACCACGTCGTACTATTTGCGATTAGCAAAGACCGTCATGAAGTAGTTAAACTTAAGACAACGATGAAAGGGAATAATGTTGATAAAGCTTTTAAAAGTATCGAACCTGACATGCAGCCCTATACGGAAATCATCACGAATAAAGATACAATCGACAAAGCAACACACGTGTTTGCACCAAGCAAACCGAAAGACTTAAAGACGTATCGCATGGTCTTCAATACGATAAGTGTTGAACGCATGAACTCAATACTATTTGATGATTCAACGATTGTTCGTAGCTCTCAAAGTGGTACGACAACATACAACAACAATACTGGCGTCGCCAACTACAATGATAAAGATGAAATGTATCATTATAAGAATTTATCTGAAGACGCGAAAAGTTCAAGCAACATGCAAGAAACCATCCCAGGCACATACGAGTTTATAAAT";"seq42";0;0;0;0;0;0;0;0;0;0;250;0;0;0;0;0;0;0;0;0;0;0;0;0;0;0;0;0;0;0;0;0;0;0;0;0;0;0;0;0;0;0;0;0;0;0;0;0;0;0;0;0
"59";"ACTTTAATTTTGATCGTCTCCTTATCGATCAAGATCATAATAACCACGTCGTACTATTTGCGATTAGCAAAGACCGTCATGAAGTAGTTAAACTTAAGACAACGATGAAAGGGAATAATGTTGATAAAGCTTTTAAAAGTATCGAACCTGACATGCAGCCCTATACGGAAATCATCACGAATAAAGATACAATCGACAAAGCAACACACGTGTTTGCACCAAGCAAACCGAAAGACTTAAAGACGTATCGCATGGTCTTCAATACGATCAGTGTTGAACGCATGAACTCAATACTATTTGATGATCCAACGATTGTTCGTAGCTCTCAAAGTGGTACGACAACATACAACAACAATACTGGCGTCGCCAACTACAATGATAAAGATGAAATGTATCATTATAAGAATTTATCTGAAGACGCGAAAAGTTCAAGCAACATGCAAGAAACCATCCCAGGCACATACGAGTTTATAAAT";"seq37,36";0;0;0;0;0;0;0;0;0;0;0;0;0;0;0;0;0;0;0;0;0;238;0;0;0;0;0;0;0;0;0;0;0;0;0;0;0;0;0;0;0;0;0;0;0;0;0;0;0;0;0;0
"60";"ACTTTAATTTTGATCGCCTCCTTATCGATCAAGATCATAATAACCACGTTGTACTATATGCGATTAGCAAAGACCGTCATGAAGTAGTTAAACTTAAGACAACGATGAAAGGAAATAACGTTGATAAAGCTTTTAAAAGTATCGAATCTGACATGCAACCCTATACGGAAATCATCACGAATAAAGATACAATCGACAAAGCAACACACGTGTTTGCACCAAGCAAACCGAAAGACTTAAAGACGTATCGCATGGTCTTCAATACGATTAGTGTTGAACGCATGAACTCAATACTATTTGATGATTCAACGATTGTTCGTAGCTCTCAAAGTGGTACGACAACATACAACAACAATACTGGCGTCGCCAACTACAATGATAAAGATGAAATGTATCATTATAAGAATTTATCTGAAGACGCGAAAAGTTCAAGCAACATGCAAGAAACCATCCCAGGCACATACGAGTTTATAAAT";NA;0;0;0;0;0;0;0;0;0;0;0;0;0;0;0;0;0;0;0;0;0;0;0;0;0;0;174;0;0;0;0;0;59;0;0;0;0;0;0;0;0;0;0;0;0;0;0;0;0;0;0;0
"61";"ACTTTAATTTTGATCGCCTCCTTATCGATCAAGATCATAATAACCACGTCGTACTATATGCGATTAACAAAGACCGTCATGAAGTAGTTAAACTTAAGACAACCATGAAAGGGAATAATGTTGATAAAGCTTTTAAAAGTATCGAACCTGACATGCAGCCTTATACGGAAATCATCACGAATAAAGATACAATCGACAAAGCAACACACGTGTTTGCACCAAGCAAACCGAAAGACTTAAAGACGTATCGCATGGTCTTCAATACGATTAGTGTTGAACGCATGAACTCAATACTATTTGATGATTCAACGATCGTTCGTAGCTCTCAAAGTGGTACGACAACATACAACAACAATACTGGCGTCGCCAACTACAACGATAAAGATGAAATGTATCATTATAAGAATTTATCTGAAGATGCGAAAAGTTCAAGCAACATGCAAGAAACCATCCCAGGCACATACGAGTTTATAAAT";"seq34";0;0;0;0;0;0;0;0;0;0;0;220;0;0;0;0;0;0;0;0;0;0;0;0;0;0;0;0;0;0;0;0;0;0;0;0;0;0;0;0;0;0;0;0;0;0;0;0;0;0;0;0
"62";"ACTTTAATTTTGATCGCCTCCTTATCGATCAAGATCATAATAACCACGTCGTACTATATGCGATTAGCAAAGACCGTCATGAAGTAGTTAAACTTAAGACAACCATGAACGGGAATAATGTTGATAAAGCTTTTAAAAGTATCGAACCTGACATGCAGCCTTATACGGAAATCATCACGAATAAAGATACAATCGACAAAGCAACACACGTGTTTGCACCAAGCAAACCGAAAGACTTAAAGACGTATCGCATGGTCTTCAATACGATTAGTGTTGAACGCATGAACTCAATACTATTTGATGATTCAACGATCGTTCGTAGCTCTCAAAGTGGTACGACAACATACAACAACAATACTGGCGTCGCCAACTACAACGATAAAGATGAAATGTATCATTATAAGAATTTATCTGAAGATGCGAAAAGTTCAAGCAACATGCAAGAAACCATCCCAGGCACATACGAGTTTATAAAT";"seq34";0;0;0;0;0;0;0;0;0;0;0;0;0;0;0;0;0;0;0;0;219;0;0;0;0;0;0;0;0;0;0;0;0;0;0;0;0;0;0;0;0;0;0;0;0;0;0;0;0;0;0;0
"63";"ACTTTAATTTTGATCGTCTCCTTATCGATCAAGATCATAATAACCACGTCGTACTATTTGCGATTAGCAAAGACCGTCATGAAGTAGTTAAACTTAAGACAACGATGAAAGGGAATAATGTTGATAAAGCTTTTAAAAGTATCGAACCTGACATGCAGCCCTATACGGAAATCATCACGAATAAAGATACAATCGACAAAGCAACACACGTGTTTGCACCAAGCAAACCGAAAGACTTAAAGACGTATCGCATGGTCTTCAATACGATCAGTGTTGAACGCATGAACTCAATACTATTTGATGATTCAACGATTGTTCGTAGCTCTCAAAGTGGTACGACAACATACAACAACAATACTGGCGTCGCCAACTACAATGATAAAGATGAAATGTATCATTATAAGAATTTATCTGAAGAAGCGAAAAGTTCAAGCAACATGCAAGAAACCATCCCAGGCACATACGAGTTTATAAAT";"seq37,36";0;0;0;0;0;0;0;0;0;0;207;0;0;0;0;0;0;0;0;0;0;0;0;0;0;0;0;0;0;0;0;0;0;0;0;0;0;0;0;0;0;0;0;0;0;0;0;0;0;0;0;0
"64";"ACTTTAATTTTGATCGCCTCCTTATCGATCAAGATCATAATAACCACGTCGTACTATTTGCGATTAGCAAAGACCGTCATGAAGTAGTTAAACTTAAGACAACGATGAAAGGGAATAATGTTGATAAAGCTTTTAAAAGTATCGAACCTGACATGCAGCCCTATACGGAAATCATCACGAATAAAGATACAATCGACAAAGCGACACACGTGTTTGCACCAAGCAAACCGAAAGACTTAAAGACGTATCGCATGGTCTTCAATACGATCAGTGTTGAACGCATGAACTCAATACTATTTGATGATTCAACGATTGTTCGTAGCTCTCAAAGTGGTACGACAACATACAACAACAATACTGGCGTCGCCAACTACAATGATAAAGATGAAATGTATCATTATAAGAATTTATCTGAAGACGCGAAAAGTTCAAGCAACATGAAAGAAACCATCCCAGGCACATACGAGTTTATAAAT";"seq43";206;0;0;0;0;0;0;0;0;0;0;0;0;0;0;0;0;0;0;0;0;0;0;0;0;0;0;0;0;0;0;0;0;0;0;0;0;0;0;0;0;0;0;0;0;0;0;0;0;0;0;0
"65";"ACTTTAATTTTGACCGCCTCCTTATCGATCAAGATCATAATAACCACGTCGTACTATATGCGATTAGCAAAGACCGTCATGAAGTAGTTAAACTTAAGACAACCATGAAAGGGAATAATGTTGATAAAGCTTTTAAAAGTATCGAACCTGACATGCAGCCCTATACGGAAATCATCACGAATAAAGATACAATCGACAAAGCAACACACGTGTTTGCACCAAGCAAACCGAAAGACTTAAAGACGTATCGCATGGTCTTCAATACGATTAGTGTTGAACGCATGAACTCAATACTATTTGATGATTCAACGATTGTTCGTAGCTCTCAAAGTGGTACGACAACATACAACAACAATACTGGCGTCGCCAACTACAACGATAAAGATGAAATGTATAATTATAAGAATTTATCTGAAGATGCGAAAAGTTCAAGCAACATGCAAGAAACCATCCCAGGCACATACGAGTTTATAAAT";"seq26";0;0;0;0;0;0;0;0;0;0;0;0;0;0;0;0;0;0;0;0;0;193;0;0;0;0;0;0;0;0;0;0;0;0;0;0;0;0;0;0;0;0;0;0;0;0;0;0;0;0;0;0
"66";"ACTTTAATTTTGATCGCCTCCTTATCGATCAAGATCATAATAACCACGTCGTACTATATGCGATTAGCAAAGACCGTCATGAAGTAGTTAAACTTAAGACAACGATGAAAGGGAATAACGTTGACAAAGCTTTTAAAAGTATCGAACCTGACATGCAACCCTATACGGAAATCATCACGAATAAAGATACAATCGACAAAGCAACACACGTGTTTGCACCAAGCAAACCGAATGACTTAAAGACGTATCGCATGGTCTTCAATACGATCAGTGTTGAACGCATGAACTCAATACTATTTGATGATTCAACGATTGTTCGTAGCTCTCAAAGTGGTACGACAACATACAACAACAATACTGGTGTCGCCAACTATAACGATAAAGATGAAATGTATCATTATAAGAATTTATCTGAAGACGCGAAAAGTTCAAGCAACATGCAAGAAACCATCCCAGGCACATACGAGTTTATAAAT";"seq62";0;0;0;0;0;0;0;0;0;0;0;0;0;0;0;0;0;0;0;0;0;0;0;0;0;0;0;0;0;0;0;0;0;0;0;188;0;0;0;0;0;0;0;0;0;0;0;0;0;0;0;0
"67";"ACTTTAATTTTGATCGCCTTCTTATCGATCAAGATCATAATAACCACGTCGTACTATATGCGATTAGCAAAGACCGTCATGAAGTAGTTAAACTTAAGACAACCATGAAAGGGAATAATGTTGATAAAGCTTTTAAAAGTATCGAACCTGACATGCAACCCTATACGGAAATCATCACGAATAAAGATACAATCGACAAAGCAACACACGTGTTTGCACCAAGCAAACCGAAAGACTTAAAGACGTATAGCATGGTCTTCAATACGATTAGTGTTGAACGCATGAACTCAATACTATTTGATGATTCAACGATTGTTCGTAGCTCTCAAAGTGGTACGACAACATACAACAACAATACTGGCGTCGCCAACTACAACGATAAAGATGAAATGTATCATTATAAGAATTTATCTGAAGATGCGAAAAGTTCAAGTAACATGCAAGAAACCATACCAGGCACATACGAGTTTATAAAT";"seq21";0;0;0;0;0;0;0;0;0;0;0;0;0;0;0;0;185;0;0;0;0;0;0;0;0;0;0;0;0;0;0;0;0;0;0;0;0;0;0;0;0;0;0;0;0;0;0;0;0;0;0;0
"68";"ACTTTAATTTTGATCGCCTCCTTATCGATCAAGATCATAATAACCACGTCGTACTATATGCGATTAGCAAAGACCGTCATGAAGTAGTTAAACTTAAGACAACGATGAAAGGGAATAACGTTGATAAAGCTTTTAAAAGTATCGAACCTGATATGCAGCCCTATACGGAAATCATCACGAATAAAGATACAATCGACAAAGCAACACACGTGTTTGCACCAAGCAAACCGAAAGACTTAAAGACGTATCGCATGGTCTTCAATACGATTAGTGTTGAACGCATGAACTCAATACTATTTGATGATTCAACGATTGTTCATAGCTCTCAAAGTGGTACGACAACATACAACAACAATACTGGCGTCGCCAACTACAACGATAAAGATGAAATGTATCATTATAAGAATTTATCTGAAGATGCGAAAAGTTCAAGCAACATGCAAGAAACCATCCCAGGCACATACGAGTTTATAAAT";"seq14";0;0;0;0;0;0;0;0;0;0;0;0;0;0;0;0;0;0;0;0;0;0;0;0;0;0;0;172;0;0;0;0;0;0;0;0;0;0;0;0;0;0;0;0;0;0;0;0;0;0;0;0
"69";"ACTTTAATTTTGATCGCCTCCTCATCGATCAAGATCATAATAACCACGTCGTACTATATGCGATTAGCAAAGACCGTCATGAAGTAGTTAAACTTAAGACAACGATGAAAGGGAATAATGTTGATAAAGCTTTTAAAAGTATCGAACCTGACATGCAACCCTATACGGAAATCATCACGAATAAAGATACAATCGACAAAGAAACACACGTGTTTGCACCAAGCAAACCGAAAGACTTAAAGACGTATCGCATGGTCTTCAATACGATTAGTGTTGAACGCATGAACTCAATACTATTTGATGATTCAACGATTGTTCGTAGCTCTCAAAGTGGTACGACAACATACAACAATAATACTGGCGTCGCCAACTACAACGATAAAGATGAAATGTATCATTATAAGAATTTATCTGAAGATGCGAAAAGTTCAAGCAACATGCAAGAAACCATCCCAGGCACATACGAGTTTATAAAT";NA;0;0;0;0;0;0;0;0;0;0;0;0;0;171;0;0;0;0;0;0;0;0;0;0;0;0;0;0;0;0;0;0;0;0;0;0;0;0;0;0;0;0;0;0;0;0;0;0;0;0;0;0
"70";"ACTTTAATTTTGATCGCCTCCTTATCGATCAAGATCATAATAACCACGTCGTACTATATGCGATTAGCAAAGACCGTCATGAAGTAGTTAAACTTAAGACAACGATGAAAGGGAATAATGTTGACAAAGCTTTTAAAAGTATCGAACCTGACATGCAGCCCTATACGGAAATCATCACGAATAAAGATACAATCGACAAAGCAACACACGTGTTTGCACCAAGCAAACCGAAAGACTTAAAGACGTATCGCATGGTCTTCAATACGATTAGTGTTGAACGCATGAACTCAATACTATTTGATGATTCAACGATTGTTCGTAGCTCTCAAAGTGGTACGACAACATACAACAACAATACTGGTGTCGCCAACTACAATGATAAAGATGAAATGTATCATTATAAGAATTTATCTGAAGACGCAAAAAGTTCAAGCAACATGCAAGAAACCATCCCAGGCACATACGAGTTTATAAAT";"seq53";0;0;0;0;0;0;0;0;0;0;0;0;0;0;0;0;0;0;164;0;0;0;0;0;0;0;0;0;0;0;0;0;0;0;0;0;0;0;0;0;0;0;0;0;0;0;0;0;0;0;0;0
"71";"ACTTTAATTTTGATCGTCTCCTTATCGATCAAGATCATAATAACCACGTCGTACTATTTGCGATTAGCAAAGACCGTCATGAAGTAGTTAAACTTAAGACAACGATGAAAGGGAATAATGTTGATAAAGCTTTTAAAAGTATCGAACCTGACATGCAGCCCTATACGGAAATCATCACGAATAAAGATACAATCGACAAAGCAACACACGTGTTTGCACCAAGCAAACCGAAAGACTTAAAGACGTATCGCATGGTCTTCAATACGATCAGTGTTGAACGCATGAACTCAATACTATTTGATGATTCAACGATTGTTCGTAGCACTCAAAGTGGTACGACAACATACAACAACAATACTGGCGTCGCCAACTACAATGATAAAGATGAAATGTATCATTATAAGAATTTATCTGAAGACGCGAAAAGTTCAAGCAACATGCAAGAAACCATCCCAGGCACATACGAGTTTATAAAT";"seq37,36";0;0;0;0;0;0;0;0;0;0;0;0;0;0;0;0;0;0;0;0;163;0;0;0;0;0;0;0;0;0;0;0;0;0;0;0;0;0;0;0;0;0;0;0;0;0;0;0;0;0;0;0
"72";"ACTTTAATTTTGATCGTCTCCTTATCGATCAAGATCATAATAACCACGTCGTACTATTTGCGATTAGCAAAGACCGTCATGAAGTAGTTAAACTTAAGACAACGATGAAAGGGAATAATGTTGATAAAGCTTTTAAAAGTATCGAACCTGACATGCAGCCCTATACGGAAATCATCACGAATAAAGATACAATCGACAAAGCAACACACGTGTTTGCACCAAGCAAACCGAAAGACTTAAAGACGTATCGCATGGTCTTCAATACGATCAGTGTTGAACGCATGAACTCAATACTATTTGATGATTCAACGATTGTTAGTAGCTCTCAAAGTGGTACGACAACATACAACAACAATACTGGCGTCGCCAACTACAATGATAAAGATGAAATGTATCATTATAAGAATTTATCTGAAGATGCGAAAAGTTCAAGCAACATGCAAGAAACCATCCCAGGCACATACGAGTTTATAAAT";"seq37,36";0;0;0;0;0;0;0;155;0;0;0;0;0;0;0;0;0;0;0;0;0;0;0;0;0;0;0;0;0;0;0;0;0;0;0;0;0;0;0;0;0;0;0;0;0;0;0;0;0;0;0;0
"73";"ACTTTAATTTTGATCGCCTCCTTATCGATCAAGATCATAATAACCACGTCGTACTATATGCGATTAGCAAAGACCGTCATGAAGTAGTTAAACTTAAGACAACCATGAAAGGGAATAATGTTGATAAAGCTTTTAAAAGTATCGAACCTGACATGCAGCCTTATACGTAAATCATCACGAATAAAGATACAATCGACAAAGCAACACACGTGTTTGCACCAAGCAAACCGAAAGACTTAAAGACGTATCGCATGGTCTTCAATACGATTAGTGTTGAACGCATGAACTCAATACTATTTGATGATTCAACGATCGTTCGTAGCTCTCAAAGTGGTACGACAACATACAACAACAATACTGGCGTCGCCAACTACAACGATAAAGATGAAATGTATCATTATAAGAATTTATCTGAAGATGCGAAAAGTTCAAGCAACATGCAAGAAACCATCCCAGGCACATACGAGTTTATAAAT";"seq34";0;0;0;0;0;0;0;0;0;0;0;0;0;0;0;0;0;0;0;0;0;0;0;0;0;0;0;0;0;0;0;0;0;154;0;0;0;0;0;0;0;0;0;0;0;0;0;0;0;0;0;0
"74";"ACTTTAATTTTGATCGCCTCCTCATCGATCAAGATCATAATAACCACGTCGTACTATATGCGATTAGCAAAGACCGTCATGAAGTAGTTAAACTTAAGACAACCATGAAAGGGAATAATGTTGACAAAGCTTTTAAAAGTATCGAACCTGACATGCAGCCCTATACGGAAATCATCACGAATAAAGATACAATCGACAAAGCAACACACGTGTTTGCACCAAGCAAACCGAAAGACTTAAAGACGTATCGCATGGTCTTCAATACGATTAGTGTTGAACGCATGAACTCAATACTATTTGATGATTCAACGATTGTTCGTAGCTCTCAAAGTGGTACGACAACATACAACAACAATACTGGTGTCGCCAACTACAATGATAAAGATGAAATGTATCATTATAAGAATTTATCTGAAGACGCAAAAAGTTCAAGCAACATGCAAGAAACCATCCCAGGCACATACGAGTTTATAAAT";"seq53";0;0;0;0;0;0;152;0;0;0;0;0;0;0;0;0;0;0;0;0;0;0;0;0;0;0;0;0;0;0;0;0;0;0;0;0;0;0;0;0;0;0;0;0;0;0;0;0;0;0;0;0
"75";"ACTTTAATTTTGATCGTCTCCTTATCGATCAAGATCATAATAACCACGTCGTACTATTTGCGATTAGCAAAGACCGTCATGAAGTAGTTAAACTTAAGACAACGATGAAAGGGAATAATGTTGATAAAGCTTTTAAAAGTATCGAACCTGACATGCAGCCCTATACGGAAATCATCACGAATAAAGATACAATCGACAAAGCAACACACGTGTTTGCACCAAGCAAACCGAAAGACTTAAAGACGTATCGCATGGTCTTCAATACGATCAGTGTTGAACGCATGAACTCAATACTATTTGATGATTCAACGATTGTTCGTAGCTTTCAAAGTGGTACGACAACATACAACAACAATACTGGCGTCGCCAACTACAATGATAAAGATGAAATGTATCATTATAAGAATTTATCTGAAGACGCTAAAAGTTCAAGCAACATGCAAGAAACCATCCCAGGCACATACGAGTTTATAAAT";"seq37,36";0;0;0;145;0;0;0;0;0;0;0;0;0;0;0;0;0;0;0;0;0;0;0;0;0;0;0;0;0;0;0;0;0;0;0;0;0;0;0;0;0;0;0;0;0;0;0;0;0;0;0;0
"76";"ACTTTAATTTTGATCGCCTCCTTATCGATCAAGATCATAATAACCACGTCGTACTATTTGCGATTAGCAAAGACCGTCATGAAGTAGTTAAACTTAAGACAACGATGAAAGGGAATAATGTTGATAAAGCTTTTAAAAGTATCGAACCTGACATGCAGCCCTATACGGAAATCATCACGAATAAAGATACAATCGACAAAGCAACACACGTGTTTGCACCAAGCAAACCGAAAGACTTAAAGACGTATCGCATGGTCTTCAATACGATCAGTGTTGAACGCATGAACTCAATACTATTTGATGATTCAACGATTGTTCGTAGCTCTCAAAGTGGTACGACAACATACAACAACAATACTGGCGTCGCCAACTACAATGATAAAGATGAAATGTATCATTATAAGAATTTATCTGAAGACGCGAAAAGTTCAAGCAACACGCAAGAAACCATCCCAGGCACATACGAGTTTATAAAT";"seq43";0;0;0;0;0;0;145;0;0;0;0;0;0;0;0;0;0;0;0;0;0;0;0;0;0;0;0;0;0;0;0;0;0;0;0;0;0;0;0;0;0;0;0;0;0;0;0;0;0;0;0;0
"77";"ACTTTAATTTTGATCGCCTTCTTATCGATCAAGATCATAATAACCACGTCGTACTATATGCGATTAGCAAAGACCGTCATGAAGTAGTTAAACTTAAGACAACCATGAAAGGGAATAATGTTGACAAAGCTTTTAAAAGTATCGAACCTGACATGCAGCCCTATACGGAAATCATCACGAATAAAGATACAATCGACAAAGCAACACACGTGTTTGCACCAAGCAAACCGAAAGACTTAAAGACGTATCGCATGGTCTTCAATACGATTAGTGTTGAACGCATGAACTCAATACTATTTGATGATTCAACGATTGTTCGTAGCTCTCAAAGTGGTACGACAACATACAACAACAATACTGGTGTCGCCAACTACAATGATAAAGATGAAATGTATCATTATAAGAATTTATCTGAAGACGCAAAAAGTTCAAGCAACATGTAAGAAACCATCCCAGGCACATACGAGTTTATAAAT";"seq50";0;0;0;0;0;0;0;0;0;0;0;0;0;0;0;0;0;0;0;0;0;0;0;0;132;0;0;0;0;0;0;0;0;0;0;0;0;0;0;0;0;0;0;0;0;0;0;0;0;0;0;0
"78";"ACTTTAATTTTGATCGCCTTCTTATCGATCAAGATCATAATAACCACGTCGTACTATATGCGATTAGCAAAGACCGTCATGAAGTAGTTAAACTTAAGACAACCATGAAAGGGAATAATGTTGACAAAGCTTTTAAAAGTATCGAACCTGACATGCAGCCCTATACGGAAATCATCACGAATAAAGATACAATCGATAAAGCAACACACGTGTTTGCACCAAGCAAACCGAAAGACTTAAAGACGTATCGCATGGTCTTCAATACGATTAGTGTTGAACGCATGAACTCAATACTATTTGATGATTCAACGATTGTTCGTAGCTCTCAAAGTGGTACGACAACATACAACAACAATACTGGTGTCGCCAACTACAATGATAAAGATGAAATGTATCATTATAAGAATTTATCTGAAGACGCAAAAAGTTCAAGCAACATGCAAGAAACCATCCCAGGCACATACGAGTTTATAAAT";"seq50";0;0;0;0;0;0;0;0;0;0;0;0;0;0;97;28;0;0;0;0;0;0;0;0;0;0;0;0;0;0;0;0;0;0;0;0;0;0;0;0;0;0;0;0;0;0;0;0;0;0;0;0
"79";"ACTTTAATTTTGATCGCCTCCTCATCGATCAAGATCATAATAACCACGTCGTACTATATGCGATTAGCAAAGACCGTCATGAAGTAGTTAAACTTAAGACAACGATGAAAGGGAATAACGTTGACAAAGCCTTTAAAAGTATCGAACCTGACATGCAACCCTATACGGAAATCATCACGAATAAAGATACAATCGACAAAGCAACACACGTGTTTGCCCCAAGCAAACCGAAAGACTTAAAGACGTATCGCATGGTCTTCAATACGATTAGTGTTGAACGCATGAATTCAATACTATTTGATGATTCAACGATTGTTCGTAGCTCTCAAAGTGGTACGACAACATACAACAACAATACCGGTGTCGCCAACTACAACGATAAAGATGAAATGTATCATTATAAGAATTTATCTGAAGACGCGAAAAGTTCAAGCAACATGCAAGAAACCATCCCAGGCACATACGAGTTTATAAAT";"seq56";0;0;0;0;0;0;0;0;0;0;0;0;0;0;0;0;0;0;0;0;0;0;0;0;125;0;0;0;0;0;0;0;0;0;0;0;0;0;0;0;0;0;0;0;0;0;0;0;0;0;0;0
"80";"ACTTTAATTTTGATCGCCTCCTTATCGATCAAGATCATAATAACCACGTCGTACTATATGCGATTAGCAAAGACCGTCATGAAGTAGTTAAACTTAAGACAACCATGAAAGGGAATAATGTTGATAAAGCTTTTAAAAGTATCGAACCTGACATGTAGCCTTATACGGAAATCATCACGAATAAAGATACAATCGACAAAGCAACACACGTGTTTGCACCAAGCAAACCGAAAGACTTAAAGACGTATCGCATGGTCTTCAATACGATTAGTGTTGAACGCATGAACTCAATACTATTTGATGATTCAACGATCGTTCGTAGCTCTCAAAGTGGTACGACAACATACAACAACAATACTGGCGTCGCCAACTACAACGATAAAGATGAAATGTATCATTATAAGAATTTATCTGAAGATGCGAAAAGTTCAAGCAACATGCAAGAAACCATCCCAGGCACATACGAGTTTATAAAT";"seq34";0;0;0;0;0;0;122;0;0;0;0;0;0;0;0;0;0;0;0;0;0;0;0;0;0;0;0;0;0;0;0;0;0;0;0;0;0;0;0;0;0;0;0;0;0;0;0;0;0;0;0;0
"81";"ACTTTAATTTTGATCGCCTCCTTATCGATCAAGATCATAATAATCACGTCGTACTATATGCGATTAGCAAAGACCGTCATGAAGTAGTTAAACTTAAGACAACGATGAAAGGGAATAATGTTGACAAAGCATTTAAAAGTATCGAACCTGACATGCAGCCATATACTGAAATCATCACGAATAAAGATACAATCGACAAAGCAACACACGTGTTTGCACCAAGCAAACCGAAAGACTTAAAGACGTATCGCATGGTCTTCAATACGATCAGTGTTGAACGCATGAACTCAATACTATTTGATGATTCAACGATTGTTCGTAGCTCTCAAAGTGGTACGACAACATACAACAACAACACTGGTGTCGCCAACTACAACGATAAAGATGAAATGTATCATTATAAGAATTTATCTGAAGACGCGAAAAGTTCAAGCAACATGCAAGAAACCATCCCAGGCACATACGAGTTTATAAAT";NA;0;0;0;0;0;0;0;0;0;0;0;0;0;0;0;0;0;0;0;0;0;0;0;0;0;0;0;0;0;0;0;0;0;0;0;0;0;0;0;0;121;0;0;0;0;0;0;0;0;0;0;0
"82";"ACTTTAATTTTGATCGCCTTCTTATCGATCAAGATCATAATAACCACGTCGTACTATATGCGATTAGCAAAGACCGTCATGAAGTAGTTAAACTTAAGACAACCATGAAAGGGAATAATGTTGATAAAGCTTTTAAAAGTATCGAACCTGACATGCAACCCTATACGGAAATCATCACGAATAAAGATACAATCGACAAAGCAACACACGTGTTTGCACCAAGCAAACCGAAAGACTTAAAGACGTATCGCATGGTCTTCAATACGATTAGTGTTGAACGCATGAACTCAATACTATTTGATGATTCAACGATTGTTCGTAGCTCTCAAAGTGGTACGACAACATACAACAACAATACTGGCGTCGCCAACTACAACGATAAAGATGAAATGTATCATTATAAGAATTTATCTGAAGATGCTAAAAGTTCAAGTAACATGCAAGAAACCATACCAGGCACATACGAGTTTATAAAT";"seq21";0;0;0;0;0;0;0;119;0;0;0;0;0;0;0;0;0;0;0;0;0;0;0;0;0;0;0;0;0;0;0;0;0;0;0;0;0;0;0;0;0;0;0;0;0;0;0;0;0;0;0;0
"83";"ACTTTAATTTTGATCGTCTCCTTATCGATCAAGATCATAATAACCACGTCGTACTATTTGCGATTAGCAAAGACCGTCATGAAGTAGTTAAACTTAAGACAACGATGAAAGGGAATAATGTTGATAAAGCTTTTAAAAGTATCGAACCTGACATGCAGCCCTATACGGAAATCATCACGAATAAAGATACAATCGACAAAGCAACACACGTGTTTGCACCAAGCAAACCGAAAGACTTAAAGACGTATCGCATGGTCTTCAATACGATCAGTGTTGAACGCATGAACTCAATACTATTTGATTATTCAACGATTGTTCGTAGCTCTCAAAGTGGTACGACAACATACAACAACAATACTGGCGTCGCCAACTACAATGATAAAGATGAAATGTATCATTATAAGAATTTATCTGAAGACGCGAAAAGTTCAAGCAACATGCAAGAAACCATCCCAGGCACATACGAGTTTATAAAT";"seq37,36";0;0;0;0;0;0;0;0;0;0;0;0;0;0;0;0;0;0;0;0;0;0;0;0;0;0;0;119;0;0;0;0;0;0;0;0;0;0;0;0;0;0;0;0;0;0;0;0;0;0;0;0
"84";"ACTTTAATTTTGATCGTCTCCTTATCGATCAAGATCATAATAACCACGTCGTACTATTTGCGATTAGCAAAGACCGTCATGAAGTAGTTAAACTTAAGACAACGATGAAAGGGAATAATGTTGATAAAGCTTTTAAAAGTATCGAACCTGACATGCAGCCCTATACGGAAATCATCACGAATAAAGATACAATCGACAAAGCAACACACGTGTTTGCACCAAGCAAACCGAAAGACTTAAAGACGTATCGCATGGTCTTCAATACGATCAGTGTTGAACGCATGAACTCAATACTATTTGATGATTAAACGATTGTTCGTAGCTCTCAAAGTGGTACGACAACATACAACAACAATACTGGCGTCGCCAACTACAATGATAAAGATGAAATGTATCATTATAAGAATTTATCTGAAGACGCGAAAAGTTCAAGCAACATGCAAGAAACCATCCCAGGCACATACGAGTTTATAAAT";"seq37,36";0;0;0;0;0;0;0;0;0;0;0;0;0;0;0;0;0;0;0;115;0;0;0;0;0;0;0;0;0;0;0;0;0;0;0;0;0;0;0;0;0;0;0;0;0;0;0;0;0;0;0;0
"85";"ACTTTAATTTTTATCGCCTTCTTATCGATCAAGATCATAATAACCACGTCGTACTATATGCGATTAGCAAAGACCGTCATGAAGTAGTTAAACTTAAGACAACCATGAAAGGGAATAATGTTGACAAAGCTTTTAAAAGTATCGAACCTGACATGCAGCCCTATACGGAAATCATCACGAATAAAGATACAATCGACAAAGCAACACACGTGTTTGCACCAAGCAAACCGAAAGACTTAAAGACGTATCGCATGGTCTTCAATACGATTAGTGTTGAACGCATGAACTCAATACTATTTGATGATTCAACGATTGTTCGTAGCTCTCAAAGTGGTACGACAACATACAACAACAATACTGGTGTCGCCAACTACAATGATAAAGATGAAATGTATCATTATAAGAATTTATCTGAAGACGCAAAAAGTTCAAGCAACATGCAAGAAACCATCCCAGGCACATACGAGTTTATAAAT";"seq50";0;0;0;0;0;0;0;0;0;0;0;0;0;106;0;0;0;0;0;0;0;0;0;0;0;0;0;0;0;0;0;0;0;0;0;0;0;0;0;0;0;0;0;0;0;0;0;0;0;0;0;0
"86";"ACTTTAATTTTGATCGCCTCCTTATCGATCAAGATCATAATAACCACGTCGTACTATATGCGATTAGCAAAGACCGTCATGAAGTAGTTAAACTTAAGACAACCATGAAAGGGAATAATGTTGATAAAGCTTTTAAAAGTATCGAACCTGACATGCAGCCTTATACGGAAATCATCACGAATAAAGATACAATCGACAAAGCAACACACGTGTTTGCACCAAGCAAACCGAAAGACTTAAAGACGTATCGCATGGTCTTCAATACGATTAGTGTTGAACGCATGAACTCAATACTATTTGATGATTCAACGATCGTTCGTAGCTCTCAAAGTGGTACGACAACATACAACAACAATACTGGCGTCGCCAACTACAACGATAAAGATGAAATGTATCATTATAAGAATTTATCTGAAGATGCGAAAAGTTCAAGCAACATGCAAGAAACCATCCCAGGCATATACGAGTTTATAAAT";"seq34";0;0;0;0;0;0;0;0;0;0;0;103;0;0;0;0;0;0;0;0;0;0;0;0;0;0;0;0;0;0;0;0;0;0;0;0;0;0;0;0;0;0;0;0;0;0;0;0;0;0;0;0
"87";"ACTTTAATTTTGATCGCCTCCTCATCGATCAAGATCATAATAACCACGTCGTACTATATGCGATTAGCAAAGACCGTCATGAAGTAGTTAAACTTAAGACAACGATGAAAGGGAATAATGTTGACAAAGCTTTTAAAAGTATCGAACCTGACATGCAGCCCTATACGGAAATCATCACGAATAAAGATACAATCGACAAAGCAACACACGTGTTTGCACCAAGCAAACCGAAAGACTTAAAGACGTATCGCATGGTCTTCAATACGATTAGTGTTGAACGCATGAATTCAATACTATTTGATGATTCAACGATTGTTCGTAGCTCTCAAAGTGGTACGACAACATACAACAACAATACTGGTGTCGCCAACTATAACGATAAAGATGAAATGTATCATTATAAGAATTTATCTGAAGACGCGAAAAGTTCAAGCAACATACAAGAAACCATCCCAGGCACATACGAGTTTATAAAT";"seq65";0;0;0;0;0;0;0;94;0;0;0;0;0;0;0;0;0;0;0;0;0;0;0;0;0;0;0;0;0;0;0;0;0;0;0;0;0;0;0;0;0;0;0;0;0;0;0;0;0;0;0;0
"88";"ACTTTAATTTTGATCGCCTCCTTATCGATCAAGATCATAATAACCACGTCGTACTATTTGCGATTAGCAAAGACCGTCATGAAGTAGTTAAACTTAAGACAACGATGAAAGGGAATAATGTTGATAAAGCTTTTAAAAGTATCGAACCTGACATGCAGCCCTATACGGAAATCATCACGAATAAAGATACAATCGACAAAGCAACACACGTGTTTGCACCAAGCAAACCGAAAGACTTAAAGACGTATCGCATGGTCTTCAATACGATCGGTGTTGAACGCATGAACTCAATACTATTTGATGATTCAACGATTGTTCGTAGCTCTCAAAGTGGTACGACAACATACAACAACAATACTGGCGTCGCCAACTACAATGATAAAGATGAAATGTATCATTATAAGAATTTATCTGAAGACGCGAAAAGTTCAAGCAACATGCAAGAAACCATCCCAGGCACATACGAGTTTATAAAT";"seq43";0;0;0;0;0;0;0;0;0;0;0;93;0;0;0;0;0;0;0;0;0;0;0;0;0;0;0;0;0;0;0;0;0;0;0;0;0;0;0;0;0;0;0;0;0;0;0;0;0;0;0;0
"89";"ACTTTAATTTTGATCGCCTCCTTATCGATCAAGATCATAATAACCACGTCGTACTATTTGCGATTAGCAAAGACCGTCATGAAGTAGTTAAACTTAAGACAACGATGAAAGGGAATAATGTTGATAAAGCTTTTAAAAGTATCGAACCTGACATGCAGCCCTATACGGAAATCATCACGAATAAAGATACAATCGACAAAGCAACACACGTGTTTGCACCAAGCAAACCGAAAGACTTAAAGACGTATCGCATGGTCTTCAATACGATCAGTGTTGAACGCATGAACTCAATACTATTTGATGATTCAACGATTGTTCGTAGCTCTCAAAGTGGTACGACAACATACAACAACAATACTGGCGTTGCCAACTACAATGATAAAGATGAAATGTATCATTATAAGAATTTATCTGAAGACGCGAAAAGTTCAAGCAACATGCAAGAAACCATCCCAGGCACATACGAGTTTATAAAT";"seq43";0;0;0;0;0;0;0;0;0;0;0;0;0;0;0;0;0;0;0;0;0;0;0;0;0;0;0;93;0;0;0;0;0;0;0;0;0;0;0;0;0;0;0;0;0;0;0;0;0;0;0;0
"90";"ACTTTAATTTTAATCGCCTCCTTATCGATCAAGATCATAATAACCACGTTGTACTATATGCGATTAGCAAAGACCGTCATGAAGTAGTTAAACTTAAGACAACGATGAAAGGGAATAACGTTGATAAAGCTTTTAAAAGTATCGAACCTGACATGCAACCCTATACGGAAATCATCACGAATAAAGATACAATCGACAAAGCAACACACGTGTTTGCACCAAGCAAACCGAAAGACTTAAAGACGTATCGCATGGTCTTCAATACGATTAGTGTTGAACGCATGAACTCAATACTATTTGATGATTCAACGATTGTTCGTAGCTCTCAAAGTGGTACGACAACATACAACAACAATACTGGCGTCGCCAACTACAACGATAAAGATGAAATGTATCATTATAAGAATTTATCTGAAGATGCGAAAAGTTCAAGCAACATGCAAGAAACCATCCCAGGCACATACGAGTTTATAAAT";NA;0;0;8;57;0;0;4;2;0;0;0;0;0;0;10;2;0;9;0;0;0;0;0;0;0;0;0;0;0;0;0;0;0;0;0;0;0;0;0;0;0;0;0;0;0;0;0;0;0;0;0;0
"91";"ACTTTAATTTTGATCGCCTCCTTATCGATCAAGATCATAATAACCACGTCGTACTATTTGCGATTAGCAAAGACCGTCATGAAGTAGTTAAACTTAAGACAACGATGAAAGGGAATAATGTTGATAAAGCTTTTAAAAGTATCGAACCTGACATGCAGCCCTATACGGAAATCATCACGAATAAAGATACAATCGACAAAGCAACACACGTGTTTGCACCAAGCAAACCGAAAGACTTAAAGACGTATCGCATGGTCTTCAATACGATCAGTGTTGAACGCATGAACTCAATACTATTTGATGATTCAACGATTGTTCGTAGCTCTCAAAGTGGTACGACAACATACAACAACAATACTGGCGTCACCAACTACAATGATAAAGATGAAATGTATCATTATAAGAATTTATCTGAAGACGCGAAAAGTTCAAGCAACATGCAAGAAACCATCCCAGGCACATACGAGTTTATAAAT";"seq43";0;0;0;0;0;0;0;0;0;0;0;0;0;0;0;0;0;0;0;0;0;0;0;0;0;0;0;92;0;0;0;0;0;0;0;0;0;0;0;0;0;0;0;0;0;0;0;0;0;0;0;0
"92";"ACTTTAATTTTGATCGCCTCCTCATCGATCAAGATCATAATAACCACGTCGTACTATATGCGATTAGCAAAGACCGTCATGAAGTAGTTAAACTTAAGACAACGATGAAAGGGAATAACGTTGATAAAGCTTTTAAAAGTATCGAACCTGACATGCAGCCCTATACGGAAATCATCACGAATAAAGATACAATCGACAAAGCAACACACGTGTTTGCACCAAGCAAACCGAAAGACTTAAAGACGTATCGCATGGTCTTCAATACGATCAGTGTTGAACGCATGAACTCAATACTATTTGATGATTCAACGATTGTTCGTAGCTCTCAAAGTGGTACGACAACATACAACAACAATACTGGTGTCGCCAACTACAATGATAAAGATGAAATGTATCATTATAAGAATTTATCTGAAGACGCGAAAAGTTCAAGCAACATGCAAGAAACCATCCCAGGAACATACGAGTTTATAAAT";NA;0;0;0;0;0;0;0;0;0;0;0;0;0;0;0;0;0;0;0;0;0;0;0;0;0;0;0;0;0;0;0;0;0;0;0;0;0;0;0;0;92;0;0;0;0;0;0;0;0;0;0;0
"93";"ACTTTAATTTTGATCGCCTCCTTATCGATCAAGATCATAATAACCACGTCGTACTATATGCGATTAGCAAAGACCGTCATGAAGTAGTTAAACTTAAGACAACGATGAAAGGGAATAACGTTGATAAAGCTTTTAAAAGTATCGAACCTGATATGCAGCCCTATACGGAAATCATCACGAATAAAGATACAATCGACAAAGCAACACACGTGTTTGCACCAAGCAAACCGAAAGACTTAAAGACGTATCGCATGGTCTTCAATACGATTAGTGTTGAACGCATGAACTCAATACTATTTGATGATTCAACGATTGTTCGTAGCTCTCAAAGTGGTACGACAACATACAACAACAATACTGGCGTCGCCAACTACAACTATAAAGATGAAATGTATCATTATAAGAATTTATCTGAAGATGCGAAAAGTTCAAGCAACATGCAAGAAACCATCCCAGGCACATACGAGTTTATAAAT";"seq14";0;0;90;0;0;0;0;0;0;0;0;0;0;0;0;0;0;0;0;0;0;0;0;0;0;0;0;0;0;0;0;0;0;0;0;0;0;0;0;0;0;0;0;0;0;0;0;0;0;0;0;0
"94";"ACTTTAATTTTGATCGTCTCCTTATCGATCAAGATCATAATAACCACGTCGTACTATTTGCGATTAGCAAAGACCGTCATGAAGTAGTTAAACTTAAGACAACGATGAAAGGGAATAATGTTGATAAAGCTTTTAAAAGTATCGAACCTGACATGCAGCCCTATACGGAAATCATCACGAATAAAGATACAATCGACAAAGCAACACACGTGTTTGCACCAAGCAAACCGAAAGACTTAAAGACGTATCGCATGGTCTTCAATATGATCAGTGTTGAACGCATGAACTCAATACTATTTGATGATTCAACGATTGTTCGTAGCTCTCAAAGTGGTACGACAACATACAACAACAATACTGGCGTCGCCAACTACAATGATAAAGATGAAATGTATCATTATAAGAATTTATCTGAAGATGCGAAAAGTTCAAGCAACATGCAAGAAACCATCCCAGGCACATACGAGTTTATAAAT";"seq37,36";0;0;0;0;0;0;0;86;0;0;0;0;0;0;0;0;0;0;0;0;0;0;0;0;0;0;0;0;0;0;0;0;0;0;0;0;0;0;0;0;0;0;0;0;0;0;0;0;0;0;0;0
"95";"ACTTTAATTTTGATCGCCTCCTCATCGATCAAGATCATAATAACCACGTCGTACTATATGCGATTAGCAAAGACCGTCATGAAGTAGTTAAACTTAAGACAACGATGAAAGGGAATAATGTTGACAAAGCTTTTAAAAGTATCGAACCTGACATGCAGCCCTATACGGAAATCATCACGAATAAAGATACAATCGACAAAGCAACACACGTGTTTGCACCAAGCAAACCGAAAGACTTAAAGACGTATCGCATGGTCTTCAATACGATTAGTGTTGAACGCATGAACTCAATACTATTTGATGATTCAACGATTGTTCGTAGCTCTCAAAGTGGTACGACAACATACAACAACAATACTGGTGTCGCCAACTATAACGATAAAGATGAAATGTATCATTATAAGAATTTATCTGAAGACGCGAAAAGTTCAAGCAACATGCAAGAAACCATCCCAGGCACATACGAGTTTATAAAT";"seq65,63";0;0;0;0;0;0;0;7;0;0;0;0;0;0;0;0;0;0;37;0;4;0;0;25;0;0;0;12;0;0;0;0;0;0;0;0;0;0;0;0;0;0;0;0;0;0;0;0;0;0;0;0
"96";"ACTTTAATTTTGATCGCCTCCTTATCGATCAAGATCATAATAACCACGTCGTACTATTTGCGATTAGCAAAGACCGTCATGAAGTAGTTAAACTTAAGACAATGATGAAAGGGAATAATGTTGATAAAGCTTTTAAAAGTATCGAACCTGACATGCAGCCCTATACGGAAATCATCACGAATAAAGATACAATCGACAAAGCAACACACGTGTTTGCACCAAGCAAACCGAAAGACTTAAAGACGTATCGCATGGTCTTCAATACGATCAGTGTTGAACGCATGAACTCAATACTATTTGATGATTCAACGATTGTTCGTAGCTCTCAAAGTGGTACGACAACATACAACAACAATACTGGCGTCGCCAACTACAATGATAAAGATGAAATGTATCATTATAAGAATTTATCTGAAGACGCGAAAAGTTCAAGCAACATGCAAGAAACCATCCCAGGCACATACGAGTTTATAAAT";"seq43";0;0;0;0;0;0;0;0;0;0;0;0;0;0;0;0;0;0;78;0;0;0;0;0;0;0;0;0;0;0;0;0;0;0;0;0;0;0;0;0;0;0;0;0;0;0;0;0;0;0;0;0
"97";"ACTTTAATTTTGATCGCCTCCTTATCGATCAAGATCATAATAACCACGTCGTACTATATGCGATTAGCAAAGACCGTCATGAAGTAGTTAAACTTAAGACAACCATGAAAGGGAATAATGTTGATAAAGCTTTTAAAAGTATCGAACCTGACATACAGCCTTATACGGAAATCATCACGAATAAAGATACAATCGACAAAGCAACACACGTGTTTGCACCAAGCAAACCGAAAGACTTAAAGACGTATCGCATGGTCTTCAATACGATTAGTGTTGAACGCATGAACTCAATACTATTTGATGATTCAACGATCGTTCGTAGCTCTCAAAGTGGTACGACAACATACAACAACAATACTGGCGTCGCCAACTACAACGATAAAGATGAAATGTATCATTATAAGAATTTATCTGAAGATGCGAAAAGTTCAAGCAACATGCAAGAAACCATCCCAGGCACATACGAGTTTATAAAT";"seq34";0;0;0;0;0;0;0;0;0;0;0;0;0;0;0;0;73;0;0;0;0;0;0;0;0;0;0;0;0;0;0;0;0;0;0;0;0;0;0;0;0;0;0;0;0;0;0;0;0;0;0;0
"98";"ACTTTAATTTTGATCGCCTCCTTATCGATCAAGATTATAATAACCACGTCGTACTATATGCGATTAGCAAAGACCGTCATGAAGTAGTTAAACTTAAGACAACCATGAAAGGGAATAATGTTGATAAAGCTTTTAAAAGTATCGAACCTGACATGCAACCCTATACGGAAATCATCACGAATAAAGATACAATCGACAAAGCAACACACGTGTTTGCACCAAGCAAACCGAAAGACTTAAAGACGTATCGCATGGTCTTCAATACGATTAGTGTTGAACGCATGAACTCAATACTATTTGATGATTCAACAATCGTTCGTAGCTCTCAAAGTGGTACGACAACATACAACAACAATACTGGCGTCGCCAACTACAACGATAAAGATGAAATGTATCATTATAAGAATTTATCTGAAGATGCGAAAAGTTCAAGCAACATGCAAGAAACCATCCCAGGCACATACGAGTTTATAAAT";"seq28";0;0;0;0;0;0;0;0;0;0;0;0;0;0;0;0;0;0;0;0;0;0;0;0;0;0;0;0;0;0;0;0;0;73;0;0;0;0;0;0;0;0;0;0;0;0;0;0;0;0;0;0
"99";"ACTTTAATTTTGATCGCCTCCTTATCGATCAAGATCATAATAACAACGTCGTACTATATGCGATTAGCAAAGACCGTCATGAAGTAGTTAAACTTAAGACAACGATGAAAGGGAATAATGTTGACAAAGCTTTTAAAAGTATCGAACCTGACATGCAGCCCTATACGGAAATCATCACGAATAAAGATACAATCGACAAAGCAACACACGTGTTTGCACCAAGCAAACCGAAAGACTTAAAGACATATCGTATGGTCTTCAATACGATTAGTGTTGAACGCATGAACTCAATACTATTTGATGATTCAACGATTGTTCGTAGCTCTCAAAGTGGTACGACAACATACAACAACAATACTGGCGTCGCCAACTATAACGATAAAGATGAAATGTATCATTATAAGAATTTATCTGAAGACGCGAAAAGTTCAAGCAACATGCAAGAAACCATCCCAGGCACATACGAGTTTATAAAT";NA;0;0;0;0;0;0;0;0;0;0;0;0;0;0;0;0;0;0;0;0;0;0;0;0;0;0;0;0;0;0;0;0;0;0;0;0;0;0;0;0;0;67;0;0;0;0;0;0;0;0;0;0
"100";"ACTTTAATTTTGATCGCCTCCTTATCGATCAAGATCATAATAACCACGTCGTACTATATGCGATTAGCAAAGACCGTCATGAAGTAGTTAAACTTAAGACAACCATGAAAGGGAATAATGTTGATAAAGCTTTTAAAAGTATCGAACCTGACATGCAGCCTTATACGGAAATCATCACGAATAATGATACAATCGACAAAGCAACACACGTGTTTGCACCAAGCAAACCGAAAGACTTAAAGACGTATCGCATGGTCTTCAATACGATTAGTGTTGAACGCATGAACTCAATACTATTTGATGATTCAACGATCGTTCGTAGCTCTCAAAGTGGTACGACAACATACAACAACAATACTGGCGTCGCCAACTACAACGATAAAGATGAAATGTATCATTATAAGAATTTATCTGAAGATGCGAAAAGTTCAAGCAACATGCAAGAAACCATCCCAGGCACATACGAGTTTATAAAT";"seq34";0;0;0;0;0;0;0;0;0;0;0;0;0;0;0;0;0;0;0;0;0;0;0;0;0;0;0;62;0;0;0;0;0;0;0;0;0;0;0;0;0;0;0;0;0;0;0;0;0;0;0;0
"101";"ACTTTAATTTTGATCGCCTCCTTATCGATCAAGATCATAATAACCACGTCGTACTATTTGCGATTAGCAAAGACCGTCATGAAGTAGTTAAACTTAAGACAACGATGAAAGGGAATAATGTTGATAAAGCTTTTAAAAGTATCGAACCTGACATGCAGCCCTATACGGAAATCATCACGAATAAAGATACAATCGACAAAGCAACACACGTGTTTGCACCAAGCAAACCGAAAGACTTAAAGACGTATCGCATGGTCTTCAATACGATCAGTGTTGAACGCATGAACTCAATACTATTTGATGATTCAACGATTGTTCGTAGCTCTCAAAGTGGTACGACAACATACAACAACAATACTGGCGTCGCCAACTACAATGATAAAGATTAAATGTATCATTATAAGAATTTATCTGAAGACGCGAAAAGTTCAAGCAACATGCAAGAAACCATCCCAGGCACATACGAGTTTATAAAT";"seq43";0;0;0;0;0;0;56;0;0;0;0;0;0;0;0;0;0;0;0;0;0;0;0;0;0;0;0;0;0;0;0;0;0;0;0;0;0;0;0;0;0;0;0;0;0;0;0;0;0;0;0;0
"102";"ACTTTAATTTTGATCGCCTCCTTATCGATCAAGATCATAATAACCACGTCGTATTATATGCGATTAGCAAAGACCGTCATGAAGTAGTTAAACTTAAGACAACGATGAAAGGGAATAACGTTGATAAAGCTTTTAAAAGTATCGAACCTGACATGAAGCCCTATACGGAAATCATCACGAATAAAGATACAATCGACAAAGCAACACACGTGTTTGCACCAAGAAAACCGAAAGACTTAAAGACGTATCGCATGGTCTTCAATACGATTAGTGTTGAACGCATGAATTCAATACTATTTGATGATTCAACGATTGTTCGTAGCTCTCAAAGTGGTACGACAACATACAACAACAATACTGGTGTCGCCAACTACAATGATAAAGATGAAATGTATCATTATAAGAATTTATCTGAAGACGCGAAAAGTTCAAGCAACATGCAAGAAACCATCCCAGGCACATACGAGTTTATAAAT";NA;0;0;0;0;0;0;0;0;0;0;0;0;0;0;0;55;0;0;0;0;0;0;0;0;0;0;0;0;0;0;0;0;0;0;0;0;0;0;0;0;0;0;0;0;0;0;0;0;0;0;0;0
"103";"ACTTTAATTTTGATCGCCTCCTTATCGATCAAGATCATAATAACCACGTCGTACTATATGCGATTAGCAAAGACCGTCATGAAGTAGTTAAACTTAAGACAACGATGAAAGGGAATAATGTTGACAAAGCTTTTAAAAGTATCGAACCTGACATGCAGCCCTATACGGAAATCATCACGAATAAAGATACAATCTACAAAGCAACACACGTGTTTGCACCAAGCAAACCGAAAGACTTAAAGACATATCGTATGGTCTTCAATACGATTAGTGTTGAACGCATGAACTCAATACTATTTGATGATTCAACGATTGTTCGTAGCTCTCAAAGTGGTACGACAACATACAACAACAATACTGGCGTCGCCAACTATAACGATAAAGATGAAATGTATCATTATAAGAATTTATCTGAAGACGCGAAAAGTTCAAGCAACATGCAAGAAACCATCCCAGGCACATACGAGTTTATAAAT";NA;0;0;0;0;0;0;0;0;0;0;0;0;0;0;0;0;0;0;0;0;0;0;0;0;0;0;0;0;0;0;0;0;0;0;0;0;0;0;0;0;0;0;0;0;0;53;0;0;0;0;0;0
"104";"ACTTTAATTTTGATCACCTCCTTATCGATCAAGATCATAATAACCACGTCGTACTATATGCGATTAGCAAAGACCGTCATGAAGTAGTTAAACTTAAGACAACGATGAAAGGAAATAACGTTGATAAAGCTTTTAAAAGTATCGAACCTGACATGCAACCCTATACGGAAATCATCACGAATAAAGATACAATCGACAAAGCAACACACGTGTTTGCACCAAGCAAACCGAAAGACTTAAAGACGTATCGCATGGTCTTCAATACGATTAGTGTTGAACGCATGAACTCAATACTATTTGATGATTCAACGATTGTTCGTAGCTCTCAAAGTGGTACGACAACATACAACAACAATACTGGCGTCGCCAACTACAACGATAAAGATGAAATGTATCATTATAAGAATTTATCTGAAGATGCGAAAAGTTCAAGTAACATGCAAGAAACCATCCCAGGCACATACGAGTTTATAAAT";"seq19";0;0;0;0;0;0;0;0;0;0;0;0;0;0;0;0;0;0;0;0;0;0;0;0;0;0;0;0;0;0;0;0;0;0;0;0;0;0;0;0;52;0;0;0;0;0;0;0;0;0;0;0
"105";"ACTTTAATTTTGATCGCCTCCTTATCGATCAAGATCATAATAACCACGTCGTACTATATGCGATTAGCAAAGACCGTCATGAAGTAGTTAAACTTAAGACAACGATGAAAGGGAATAACGTTGATAAAGCTTTTAAAAGCATCGAACCTGATATGCAGCCCTATACGGAAATCATCACGAATAAAGATACAATCGACAAAGCAACACACGTGTTTGCACCAAGCAAACCGAAAGACTTAAAGACGTATCGCATGGTCTTCAATACGATTAGTGTTGAACGCATGAACTCAATACTATTTGATGATTCAACGATTGTTCGTAGCTCTCAAAGTGGTACGACAACATACAACAACAATACTGGCGTCGCCAACTACAACGATAAAGATGAAATGTATCATTATAAGAATTTATCTGAAGATGCGAAAAGTTCAAGCAACATGCAAGAAACCATCCCAGGCACATACGAGTTTATAAAT";"seq14";0;0;0;0;0;0;0;0;0;0;0;0;0;0;0;0;0;0;0;0;0;0;0;0;0;0;0;0;0;0;0;0;0;51;0;0;0;0;0;0;0;0;0;0;0;0;0;0;0;0;0;0
"106";"ACTTTAATTTTGATCGCCTCCTTATCGATCAAGATCATAATAACCACGTCGTACTATATGCGATTAGCAAAGACCGTCATGAAGTAGTTAAACTTAAGACAACGATGAAAGGGAATAACGTTGACAAAGCTTTTAAAAGTATCGAACCTGACATGCAACCCTATACGGAAATCATCACGAATAAAGATACAATCGACAAAGCAACACACGTGTTTGCACCAAGCAAACCGAAAGACTTAAAGACGTATCGCATGGTCTTCAATACGATCAGTGTTGAACGCATGAACTCAATACTATTTGATGATTCAACGATTGTTCGTAGCTCTCAAAGTGGTACGACAACATACAACAACAATACTGGCGTCGCCAACTACAACGATAAAGATGAAATGTATCATTATAAGAATTTATCTGAAGACGCGAAAAGTTCAAGCAACATGCAAGAAACCATCCCAGGCACATACGAGTTTATAAAT";"seq60";0;0;0;0;0;0;0;0;0;0;0;0;0;0;0;0;0;0;0;0;0;0;0;0;0;0;0;0;0;0;0;0;0;0;51;0;0;0;0;0;0;0;0;0;0;0;0;0;0;0;0;0
"107";"ACTTTAATTTTGATCGCCTTCTTATCGATCAAGATCATAATAACCACGTCGTACTATATGCGATTAGCAAAGACCGTCATGAAGTAGTTAAACTTAAGACAACCATGAAAGGGAATAATGTTGACAAAGCTTTTAAAAGTATCGAACCTGACATGCAGCCCTATACGGAAATCATCACGAATAAAGATACAATCGACAAAGCAACACACGTGTTTGCACCAAGCAAACCGAAAGACTTAAAGACGTATCGCATGGTCTTCAATACGATTAGTGTTGAACGCATGAACTCAATACTATTTGATGATTCAACGATTGTTCGTAGCTCTCAAAGTGGTACGACAACATACAACAACAATACTGGTGTCGCCAACTACAATGATAAAGATGAAATGTATCATTATAAGAATTTATCTAAAGACGCAAAAAGTTCAAGCAACATGCAAGAAACCATCCCAGGCACATACGAGTTTATAAAT";"seq50";0;0;0;0;0;0;0;0;0;0;0;0;0;0;0;0;0;0;0;0;0;0;0;50;0;0;0;0;0;0;0;0;0;0;0;0;0;0;0;0;0;0;0;0;0;0;0;0;0;0;0;0
"108";"ACTTTAATTTTGATCATCTCCTTATCGATCAAGATCATAATAACCACGTCGTACTATTTGCGATTAGCAAAGACCGTCATGAAGTAGTTAAACTTAAGACAACGATGAAAGGGAATAATGTTGATAAAGCTTTTAAAAGTATCGAACCTGACATGCAGCCCTATACGGAAATCATCACAAATAAAGATACAATCGACAAAGCAACACACGTGTTTGCACCAAGCAAACCGAAAGACTTAAAGACGTATCGCATGGTCTTCAATACGATCAGTGTTGAACGCATGAACTCAATACTATTTGATGATTCAACGATTGTTCGTAGCTCTCAAAGTGGTACGACAACATACAACAACAATACTGGCGTCGCCAACTACAATGATAAAGATGAAATGTATCATTATAAGAATTTATCTGAAGACGCGAAAAGTTCAAGCAACATGCAAGAAACCATCCCAGGCACATACGAGTTTATAAAT";"seq37,36";0;0;0;0;0;0;0;0;0;0;0;0;0;0;0;0;0;0;0;49;0;0;0;0;0;0;0;0;0;0;0;0;0;0;0;0;0;0;0;0;0;0;0;0;0;0;0;0;0;0;0;0
"109";"ACTTTAATTTTGATCGCTTTCTTATCGATCAAGATCATAATAACCACGTCGTACTATATGCGATTAGCAAAGACCGTCATGAAGTAGTTAAACTTAAGACAACCATGAAAGGGAATAATGTTGATAAAGCTTTTAAAAGTATCGAACCTGACATGCAACCCTATACGGAAATCATCACGAATAAAGATACAATCGACAAAGCAACACACGTGTTTGCACCAAGCAAACCGAAAGACTTAAAGACGTATCGCATGGTCTTCAATACGATTAGTGTTGAACGCATGAACTCAATACTATTTGATGATTCAACGATTGTTCGTAGCTCTCAAAGTGGTACGACAACATACAACAACAATACTGGCGTCGCCAACTACAACGATAAAGATGAAATGTATCATTATAAGAATTTATCTGAAGATGCGAAAAGTTCAAGTAACATGCAAGAAACCATACCAGGCACATACGAGTTTATAAAT";"seq21";0;0;0;0;0;0;0;0;0;0;0;0;0;0;0;0;0;0;0;0;0;0;0;47;0;0;0;0;0;0;0;0;0;0;0;0;0;0;0;0;0;0;0;0;0;0;0;0;0;0;0;0
"110";"ACTTTAATTTTGATCGCCTCCTTATCGATCAAGATCATAATAACCACGTCGTACTATTTGCGATTAGAAAAGACCGTCATGAAGTAGTTAAACTTAAGACAACGATGAAAGGGAATAATGTTGATAAAGCTTTTAAAAGTATCGAACCTGACATGCAGCCCTATACGGAAATCATCACGAATAAAGATACAATCGACAAAGCAACACACGTGTTTGCACCAAGCAAACCGAAAGACTTAAAGACGTATCGCATGGTCTTCAATACGATCAGTGTTGAACGCATGAACTCAATACTATTTGATGATTCAACGATTGTTCGTAGCTCTCAAAGTGGTACGACAACATACAACAACAATACTGGCGTCGCCAACTACAATGATAAAGATGAAATGTATCATTATAAGAATTTATCTGAAGACGCGAAAAGTTCAAGCAACATGCAAGAAACCATCCCAGGCACATACGAGTTTATAAAT";"seq43";0;0;0;43;0;0;0;0;0;0;0;0;0;0;0;0;0;0;0;0;0;0;0;0;0;0;0;0;0;0;0;0;0;0;0;0;0;0;0;0;0;0;0;0;0;0;0;0;0;0;0;0
"111";"ACTTTAATTTTGATCGCCTCCTTATCGATCAAGATCATAATAACCACGTCGTACTATTTGCGATTAGCAAAGACCGTCATGGAGTAGTTAAACTTAAGACAACGATGAAAGGGAATAATGTTGATAAAGCTTTTAAAAGTATCGAACCTGACATGCAGCCCTATACGGAAATCATCACGAATAAAGATACAATCGACAAAGCAACACACGTGTTTGCACCAAGCAAACCGAAAGACTTAAAGACGTATCGCATGGTCTTCAATACGATCAGTGTTGAACGCATGAACTCAATACTATTTGATGATTCAACGATTGTTCGTAGCTCTCAAAGTGGTACGACAACATACAACAACAATACTGGCGTCGCCAACTACAATGATAAAGATGAAATGTATCATTATAAGAATTTATCTGAAGACGCGAAAAGTTCAAGCAACATGCAAGAAACCATCCCAGGCACATACGAGTTTATAAAT";"seq43";0;0;0;0;0;0;0;0;0;40;0;0;0;0;0;0;0;0;0;0;0;0;0;0;0;0;0;0;0;0;0;0;0;0;0;0;0;0;0;0;0;0;0;0;0;0;0;0;0;0;0;0
"112";"ACTTTAATTTTGATCGCCTCCTTATCGATCAAGATCATAATAACCACGTCGTACTATATGCGATTAGCAAAGACCGTCATGAAGTAGTTAAACTTAAGACAACCATGAAAGGGAATAATGTTGATAAAGCTTTTAAAAGTATCGAACCTGACATGCAGCCTTATACGGAAATCATCACGAATAACGATACAATCGACAAAGCAACACACGTGTTTGCACCAAGCAAACCGAAAGACTTAAAGACGTATCGCATGGTCTTCAATACGATTAGTGTTGAACGCATGAACTCAATACTATTTGATGATTCAACGATCGTTCGTAGCTCTCAAAGTGGTACGACAACATACAACAACAATACTGGCGTCGCCAACTACAACGATAAAGATGAAATGTATCATTATAAGAATTTATCTGAAGATGCGAAAAGTTCAAGCAACATGCAAGAAACCATCCCAGGCACATACGAGTTTATAAAT";"seq34";0;0;0;0;0;0;0;0;0;38;0;0;0;0;0;0;0;0;0;0;0;0;0;0;0;0;0;0;0;0;0;0;0;0;0;0;0;0;0;0;0;0;0;0;0;0;0;0;0;0;0;0
"113";"ACTTTAATTTTGATCGCCTCCTTATCGATCAAGATCATAATAACCACGTCGTACTATTTGCGATTAGCAAAGACCGTCATGAAGTAGTTAAACTTAAGACAACGATGAAAGGGAATAATGTTGATAAAGCTTTTAAAAGTATCGAACCTGACATGCAGCCCTATACGGAAATCATCACGAATAAAGATACAATCGACAAAGCAACACACGTGTTTGCACCAAGCAAACCGAAAGACTTAAAGACGTATCGCATGGTCTTCAATACGATCAGTGTTGAACGCATGAACTCAATACTATTTGATGATTCAACGATTGATCGTAGCTCTCAAAGTGGTACGACAACATACAACAACAATACTGGCGTCGCCAACTACAATGATAAAGATGAAATGTATCATTATAAGAATTTATCTGAAGACGCGAAAAGTTCAAGCAACATGCAAGAAACCATCCCAGGCACATACGAGTTTATAAAT";"seq43";0;0;0;0;0;0;0;0;0;0;0;0;0;0;0;0;0;0;0;0;0;0;0;0;0;0;0;0;0;0;0;0;0;0;0;0;0;0;0;0;0;37;0;0;0;0;0;0;0;0;0;0
"114";"ACTTTAATTTTGATCGCCTCCTCATCGATCAAGATCATAATAACCACGTTGTACTATATGCGATTAGCAAAGACCGTCATGAAGTAGTTAAACTTAAGACAACGATGAAAGGGAATAATGTTGATAAAGCTTTTAAAAGTATCGAACCTGACATGCAACCCTATACAGAAATCATCACGAATAAAGATACAATCGACAAAGCAACACACGTGTTTGCACCAAGCAAACCGAAAGACTTAAAGACGTATCGCATGGTCTTCAATACGATTAGTGTTGAACGCATGAATTCAATACTATTTGATGATTCAACGATTGTTCGTAGCTCTCAAAGTGGTACGAAAACATACAACAACAATACTGGTGTCGCCAACTATAACGATAAAGATGAAATGTATCATTATAAGAATTTATCTGAAGACGCGAAAAGTTCAAGCAACATGCAAGAAACCATCCCAGGCACATACGAGTTTATAAAT";"seq55";0;0;0;0;0;0;0;0;0;0;0;0;0;0;0;0;0;0;0;0;0;0;0;0;0;0;0;0;0;0;0;36;0;0;0;0;0;0;0;0;0;0;0;0;0;0;0;0;0;0;0;0
"115";"ACTTTAATTTTGATCGCCTCCTTATCGATCAAGATCATAATAACCACGTCGTACTATTTGCGATTAGCAAAGACCGTCATGAAGTAGTTAAACTTAAGACAACGATGAAAGGGAATAATGTTGATAAAGCTTTTAAAAGTATCGAACCAGACATGCAGCCCTATACGGAAATCATCACGAATAAAGATACAATCGACAAAGCAACACACGTGTTTGCACCAAGCAAACCGAAAGACTTAAAGACGTATCGCATGGTCTTCAATACGATCAGTGTTGAACGCATGAACTCAATACTATTTGATGATTCAACGATTGTTCGTAGCTCTCAAAGTGGTACGACAACATACAACAACAATACTGGCGTCGCCAACTACAATGATAAAGATGAAATGTATCATTATAAGAATTTATCTGAAGACGCGAAAAGTTCAAGCAACATGCAAGAAACCATCCCAGGCACATACGAGTTTATAAAT";"seq43";0;0;0;0;0;0;0;0;0;0;0;0;0;0;0;0;0;0;0;0;0;0;0;0;0;0;0;0;0;0;0;0;0;0;0;0;0;0;0;0;0;36;0;0;0;0;0;0;0;0;0;0
"116";"GCCACATGTGGCCGGTGGCTGTTGCATAGGACAGCGTGGACAAGGAATAACTCCGTTGGTGCAGAGAGGCCACTGGACACTCAGGCAGAGACAAGAGGGTTCGCCGGGACAGATCAACAGATGAACAAATTCAGAACAAAATGCTTAGTGAGGGAGAAGTGAACTTTCATTTTGCCCAAGTCACCATTATCATGGGTGCTGCTGGCAGGATCAGACCTGGTCATGTGGAGTCTGAAGTGCTCCCAGCCACCAACTGTGGCTGTTGCTTAGAGATACCCCTCTTCCCTGCAGCCCTGCAGGACTTCCCGGGGCTTCCTGGCCTCCACCTTTGCTTCTGGTGCTAGAGGCGGGGCAGGTGGC";NA;0;0;0;0;0;0;34;0;0;0;0;0;0;0;0;0;0;0;0;0;0;0;0;0;0;0;0;0;0;0;0;0;0;0;0;0;0;0;0;0;0;0;0;0;0;0;0;0;0;0;0;0
"117";"CGAGGCCCAACCGCTCCTTGCAGTACGCATCGGACTCGAACGCCGCCAGCGTGCACAGGACAACCGAGGCGAAGGCCTCGTGGATCTCGTAGTAGTCGAAGTCCTGCAACGTCAGGCCATTGCGCTCGAGTAGACGCGGAATCGCGTAGGTGGGGGCCATGAGCAGGCCGTCGGGCCCGTTGACGTAATCGACCGCGGCGGTCTCGACATCCACGAGGTGTGCGAGCACCGGCAGCTTCTTCTCTGCAGCCCACTCGTCGGTGCTCAGCAACACAGCGGAAGCGCCGTCGGTCAGCGGAGTCGAGTTGCCCGC";NA;0;0;0;0;0;0;0;0;0;0;0;0;0;0;0;0;0;0;0;0;0;0;0;0;0;0;0;0;0;0;0;0;0;0;0;0;0;0;0;0;23;0;0;0;0;0;0;0;0;0;0;0
"118";"ACTTTAATTTTGATCGCCTCCTTATCGATCAAGATCATAATAACCACGTCGTACTATATGCGATTAGCAAAGACCGTCATGAAGTAGTTAAACTTAAGACAACCATGAAAGGGAATAATGTTGATAAAGCTTTTAAAAGTATCGAACCTGACATGCAGCCCTATACGGAAATCATCACGAATAAAGATACAATCGACAAAGCAACACACGTGTTTGCACCAAGCAAACCGAAAGACTTAAAGACGTATCGCATGGTCTTCAATACGATTAGTGTTGAACGCATGAACTCAATACTATTTGATGATTCAACGGTCGTTCGTAGCTCTCAAAGTGGTACGACAACATACAACAACAATACTGGCGTCGCCAACTACAACGATAAAGATGAAATGTATCATTATAAGAATTTATCTGAAGATGCGAAAAGTTCAAGCAACATGCAAGAAACCATCCCAGGCACATACGAGTTTATAAAT";"seq34,10";0;0;0;0;0;0;0;0;0;0;0;0;0;0;0;0;0;0;0;0;0;0;0;0;0;0;0;0;0;0;0;21;0;0;0;0;0;0;0;0;0;0;0;0;0;0;0;0;0;0;0;0
"119";"GCCACATGTGGCCGGTGGCTGCTGCATAGGACAGCGTGGACAAGGAATAACTCCGTTGGTGCAGAGAGGCCACTGGACACTCAGGCAGAGACAAGAGGGTTCGCCGGGACAGATCAACAGATGAACAAATTCAGAACAAAATGCTTAGTGAGGGAGAAGTGAACTTTCATTTTGCCCAAGTCACCATTATCATGGGTGCTGCTGGCAGGATCAGACCTGGTCATGTGGAGTCTGAAGTGCTCCCAGCCACCAACTGTGGCTGTTGCTTAGAGATACCCCTCTTCCCTGCAGCCCTGCAGGACTTCCCGGGGCTTCCTGGCCTCCACCTTTGCTTCTGGTGCTAGAGGCGGGGCAGGTGGC";NA;0;0;0;0;0;0;0;0;0;0;0;0;0;0;0;0;0;0;0;0;0;0;0;0;0;0;0;0;0;0;0;0;0;0;0;0;0;0;0;0;0;0;16;0;0;0;0;0;0;0;0;0
"120";"ACTTTAATTTTGATCGTCTCCTTATCGATCAAGATCATAATAACCACGTCGTACTATTTGCGATTAGCAAAGACCGTCATGAAGTAGTTAAACTTAAGACAACGATGAAAGGGAATAATGTTGATAAAGCTTTTAAAAGTATCGAACCTGACATGCAGCCCTATACGGAAATCATCACGAATAAAGATACAATCGACAAAGCAACACACGTGTTTGCACCAAGCAAACCGAAAGACTTAAAGACGTATCGCATGGTCTTCAATACGATCAGTGTTGAACGCATGAACTCAATACTATTTGATGATTCAACGATTGTTCGTAGCTCTCAAAGTGGTACGACAACATACAACAACAATAATGGCGTCGCAAACTACAATGATAAAGATGAAATGTATCATTATAAGAAGGGAGCGGAAGACGAGAAAAGTGCAAGCAACATGAAAGAAACCATCCCAGGCACAGACGAGTTTAGAAAG";NA;0;0;0;0;0;0;0;0;0;0;0;0;0;0;0;0;0;0;15;0;0;0;0;0;0;0;0;0;0;0;0;0;0;0;0;0;0;0;0;0;0;0;0;0;0;0;0;0;0;0;0;0
"121";"ACTTTAATTTTGATCGCCTCCTTATCGATCAAGATTATAATAACCACGTTGTACTATTTGCGATTAGCAAAGACCGTCATGAAGTAGTTAAACTTAAGACAACGATGAAAGGGAATAATGTTGATAAAGCTTTTAAAAGTATCGAACCTGACATGCAGCCCTATACGGAAATCATCACGAATAAAGATACAATCGACAAAGCAACACACGTGTTTGCACCAAGCAAACCGAAAGACTTAAAGACGTATCGCATGGTCTTCAATACGATTAGTGTTGAACGCATGAACTCAATACTATTTGATGATTCAACGATTGTTCGTAGCTCTCAAAGTGGTACGACAACATACAACAACAATACTGGCGTCGCCAACTACAACGATAAAGATGAAATGTATCATTATAAGAATTTATCTGAAGATGCGAAAAGTTCAAGCAACATGCAAGAAACCATCCCAGGCACATACGAGTTTATAAAT";NA;0;0;0;0;0;0;0;0;0;0;0;0;0;0;0;12;0;0;0;0;0;0;0;0;0;0;0;0;0;0;0;0;0;0;0;0;0;0;0;0;0;0;0;0;0;0;0;0;0;0;0;0
"122";"AATTTAAGGCCCAAAACCAAATAGCTGCTGGGTTTGAGTCAGCACTCTTCTGTGGTCAACTATTAATAAGAATGTGAACTAGATTAACTACATCTATTATAATCAACAAAGATTCATCAATTATACTCAGGACACCCTCAAAGGGATGGCTAGCCAGTTAGATGCCACCAGCCCAATGGCCTGGAAAAACAGGCTTGCACTAGACGTAATACCAGAAAAAGGGGGTGTAAGTGTTATGCTGGGTGGGAAACGTTATACTTTCATTCCCAACAATACTGCCCCAGATGGGACCATCACAAAAGCTTTACAAGGACTGACAACTCTAGCCAACGAACAGGCAGAAAATGCTGGAATTAACAACCCATTTACGGGTTGGCTAAATGGTTGGTTTGGAAAATGGAA";NA;0;0;0;0;0;0;0;0;0;0;0;0;0;0;0;0;0;0;0;0;0;0;0;0;0;0;0;0;0;0;0;0;0;0;0;6;0;0;0;0;0;0;0;0;0;0;0;0;0;0;0;0
