"ASV";"Seq_number";"P01_skin_2";"P01_skin_1";"P01_nose_2";"P01_nose_1";"P02_skin_2";"P02_skin_1";"P02_nose_2";"P02_nose_1";"Even_mock_2";"Even_mock_1";"P03_skin_2";"P03_skin_1";"P03_nose_2";"P03_nose_1";"P04_skin_2";"P04_skin_1";"P04_nose_2";"P04_nose_1";"P05_skin_2";"P05_skin_1";"P05_nose_2";"P05_nose_1";"P06_skin_2";"P06_skin_1";"P06_nose_2";"P06_nose_1";"P07_skin_2";"P07_skin_1";"P07_nose_2";"P07_nose_1";"Extraction_control_2";"Extraction_control_1";"P08_skin_2";"P08_skin_1";"P08_nose_2";"P08_nose_1";"P09_skin_2";"P09_skin_1";"P09_nose_2";"P09_nose_1";"Staggered_mock_2";"Staggered_mock_1";"P10_nose_2";"P10_nose_1";"P10_skin_2";"P11_skin_2";"P11_skin_1";"P11_nose_2";"P11_nose_1"
"1";"AGAATTCTGTATTAAAGATGTTCTAATTGTAGAAAAGGGATCCATCGGCAATTCATTTAAACATTGGCCTCTATCAACAAAGACCATCACACCATCATTTACAACTAATGGTTTTGGCATGCCAGATATGAATGCAATAGCTAAAGATACATCACCTGCCTTCACTTTCAATGAAGAACATTTATCTGGAAAACGTTATGCTGAATACCTCTCACTAGTAGCTACGCATTACAATCTAAATGTCAAAACAAATACCAATGTTTCACGTGTAACATACATAGATGGTATATATCATGTATCAACGGACTATGGCGTGTATACAGCAGATTATATATTTATAGCAACTGGAGACTATTCATTCCCATATCATCCTTTTTCATATGGACTTCATTACAGTGAAATTCAAACATTCACTCAATTAAAAGGTGATGCTTTTACAATCATTGGT";"seq37";0;206;136;351;794;486;2335;3930;5122;5189;1245;553;1238;1767;166;567;2002;1806;305;247;522;193;696;2503;2580;3045;7268;11405;3804;8498;20;379;152;126;0;19;0;0;590;1406;0;0;390;303;676;273;4365;522;439
"2";"AGAATTCTATATTAAAGATGTTCTAATTGTGGAAAAGGGATCCATCGGTCATTCATTTAAACATTGGCCTCTATCAACAAAGACCATCACACCATCATTTACAACTAATGATTTTGGCATGCCAGATATGAATGCAATAGCTAAAGATACATCACCTGCCTTCACTTTCAATGAAGAACATTTATCTGGAAAACGTTATGCTGAATACCTCTCACTAGTAGCTACGCATTACAATCTAAATGTCAAAACAAATACCAATGTTTCACGTGTAACATACATAGATGGTATATATCATGTATCAACGGACTATGGCGTGTATACAGCAGATTATATATTTATAGCAACTGGAGACTATTCATTCCCATATCATCCTTTTTCATATAGACTTCATTACAGTGAAATTCAAACATTCACTCAATTAAAAGGTGATGCTTTTACAATCATTGGT";"seq40";0;0;0;0;1043;661;5126;8782;3359;3341;0;0;0;0;0;0;100;55;924;876;74;0;73;0;7312;8776;132;156;132;259;0;0;0;0;1568;1841;213;0;0;0;695;842;0;0;0;220;717;5135;8214
"3";"AGAATTCAATATTAAAGATGTTCTAATCATTGAAAAGGGAACCATCGGTCATTCATTTAAACATTGGCCTCTATCAACAAAGACCATCACACCATCATTTACAACTAATGGTTTTGGCATGCCAGATATGAATGCAATAGCTAAAGATACATCACCTGCCTTCACTTTCAATGAAGAACATTTATCTGGAAAACGTTATGCTGAATACCTCTCACTAGTAGCTACGCATTACAATCTAAATGTCAAAACAAACACCAATGTTTCACGTGTAACATACATAGATGGTATATATCATGTATCAACGGACTATGGTGTTTATACCGCAGATTATATATTTATAGCAACTGGAGACTATTCATTCCCATATCATCCTTTTTCATATGGACTTCATTACAGTGAAATTCAAACATTCACTCAATTAAAAGGTGATGCTTTTACAATCATTGGT";"seq18";48;345;1766;2202;135;0;0;0;2953;3011;0;0;2444;2638;0;0;0;31;0;0;0;0;0;0;2853;3142;10944;17739;2927;6675;0;0;0;0;0;0;0;0;0;0;0;0;0;0;0;0;0;0;0
"4";"AGAATTCAATATTAAAGATGTTCTAATTGTTGAAAAGGGAACCATCGGTCATTCATTTAAACATTGGCCTCTATCAACAAAGACCATCACACCATCATTTACAACTAATGGTTTTGGCATGCCAGATATGAATGCAATAGCTAAAGATACATCACCTGCCTTCACTTTCAATGAAGAACATTTATCTGGAAAACGTTATGCTGAATACCTCTCACTAGTAGCTACGCATTACAATCTAAATGTCAAAACAAATACCAATGTTTCACGTGTAACATACATAGATGGTATATATCATGTATCAACGGACTATGGCGTGTATACAGCAGATTATATATTTATAGCAACTGGAGACTATTCATTCCCATATCATCCTTTTTCATATGGACTTCATTACAGTGAAATTCAAACATTCACTCAATTAAAAGGTGATGCTTTTACAATCATTGGT";NA;0;0;269;901;716;620;1524;2473;560;493;23;1372;173;79;29;0;225;276;5;93;17014;16612;0;0;26;29;29;26;3;13;0;14;14;0;0;16;0;0;18;38;0;0;159;130;1684;0;7;219;524
"5";"AGAATTCAATATTAAAGATGTTCTAATTGTTGAAAAGGGAACCATCGGTCATTCATTTAAACATTGGCCTCTATCAACAAAGACCATCACACCATCATTTACAACTAATGGTTTTGGCATGCCAGATATGAATGCAATAGCTAAAGATACATCACCTGCCTTCACTTTCAATGAAGAACATTTATCTGGAAAACGTTATGCTGAATACCTCTCACTAGTAGCTACGCATTACAATCTAAATGTCAAAACAAATACCAATGTTTCACGTGTAACATACATAGATGGTGTATATCATGTATCAACGGACTATGGTGTTTATACCGCAGATTATATATTTATAGCAACTGGAGACTATTCATTCCCATATCATCCTTTTTCATATGGACGTCATTACAGTGAAATTCAAACATTCACTCAATTAAAAGGTGATGCTTTTACAATCATTGGT";"seq20";0;0;1059;2460;0;4;170;96;3977;3819;0;551;4165;6344;0;0;1242;1500;0;0;0;0;0;0;1359;1754;51;95;38;274;0;15;0;0;0;0;0;0;392;1149;93;128;10630;7526;619;0;0;0;0
"6";"AGAATTCTGTATTAAAGATGTTCTAATTGTAGAAAAGGGATCCATCGGCAATTCATTTAAACATTGGCCTATCTCAACCAAGACCATCACACCATCATTTACAACTAATGGTTTTGGCATGCCAGATATGAATGCTATAGCTAAAGATACTTCACCTGCCTTCACTTTCAATGAAGAACATTTGTCTGGAAATAATTACGCTCAATACATTTCATTAGTAGCTGAGCATTACAATCTAAACGTCAAAACAAATACCAATGTTTCACGTGTAACATACATAGATGGTATATATCATGTATCAACGGACTATGGCGTGTATACAGCAGATTATATATTTATAGCAACCGGAGACTATTCATTCCCGCATCATCCCTTTTCATATGGACGTCATTATAGTGAGATTCGAGCGTTCACTCAATTAAACGGTGACGCCTTTACAATTATTGGA";"seq5";0;0;432;651;387;480;520;1033;0;13;0;290;843;178;0;190;0;33;331;63;0;0;273;392;12144;14546;167;292;196;398;0;0;807;1595;1720;1983;0;51;0;0;0;25;0;0;0;0;193;0;0
"7";"AGAATTCAATATTAAAGATGTTCTAATTGTTGAAAAGGGAACCATCGGTCATTCATTTAAACATTGGCCTCTATCAACAAAGACCATCACACCATCATTTACAACTAATGGTTTTGGCATGCCAGATATGAATGCAATAGCTAAAGATACATCACCTGCCTTCACTTTCAATGAAGAACATTTATCTGGAAAACGTTATGCTGAATACCTCTCACTAGTAGCTACGCATTACAATCTAAATGTCAAAACAAATACCAATGTTTCACGTGTAACATACATAGATGGTATATATCATGTATCAACGGACTATGGCGTGTATACAGCAGATTATATATTTATAGCAACTGGAGACTATTCATTCCCATATCATCCTTTTTCATATGGACTTCATTATAGTGAAATTCAAACATTCACTCAATTAAAAGGTGATGCTTTTACAATCATTGGT";"seq28";0;0;137;364;206;577;256;968;2935;2862;0;100;221;554;0;0;663;614;137;0;0;0;0;0;324;404;21;41;170;482;0;0;0;0;150;185;0;0;0;0;10230;14279;329;283;4;0;17;0;0
"8";"AGAATTCTGTATTAAAGATGTTCTAATTGTAGAAAAGGGATCCATCGGCAATTCATTTAAACATTGGCCTATCTCAACCAAGACCATCACACCATCATTTACAACTAATGGTTTTGGCATGCCAGATATGAATGCTATAGCTAAAGATACTTCACCTGCCTTCACTTTCAATGAAGAACATTTGTCTGGAAATAATTACGCTCAATACATTTCATTAGTAGCTGAGCATTACAATCTAAACGTCAAAACAAATACCAATGTTTCACGTGTAACATACATAGATGGTATATATCATGTATCAACGGACTATGGCGTGTATACAGCAGATTATATATTTATAGCAACCGGAGACTATTCATTCCCGCATCATCCTTTTTCATATGGACGTCATTACAGTGAGATTCGAGCGTTCACTCAATTAAACGGTGACGCCTTTACAATTATTGGA";"seq3";0;0;0;0;0;0;0;0;0;0;670;442;0;0;0;0;0;0;0;0;0;0;0;0;0;0;4590;7465;0;0;0;0;0;0;8037;9582;0;0;0;0;0;0;0;0;0;12;0;18;16
"9";"AGAATTCTGTATTAAAGATGTTCTAATTGTAGAAAAGGGATCCATCGGCAATTCATTTAAACATTGGCCTCTATCAACAAAGACCATCACACCATCATTTACAACTAATGGTTTTGGCATGCCAGATATGAATGCAATAGCTAAAGATACATCACCTGCCTTCACTTTCAATGAAGAACATTTATCTGGAAAACGTTATGCTGAATACCTCTCACTAGTAGCTACGCATTACAATCTAAATGTCAAAACAAATACCAATGTTTCACGTGTAACATACATAGATGGTATATATCATGTATCAACGGACTATGGCGTGTATACAGCAGATTATATATTTATAGCAACTGGAGACTATTCATTCCCATATCATCCTTTTTCATATGGACTTCATTATAGTGAAATTCAAACATTCACTCAATTAAAAGGTGATGCTTTTACAATCATTGGT";"seq29";0;0;3;3;15;82;623;503;276;269;138;782;91;61;0;0;4;2;0;0;0;0;231;0;203;346;78;118;657;1889;0;0;0;0;5;2;0;0;0;0;32;19;8169;5934;315;169;1495;0;0
"10";"AGAATTCAATATTAAAGATGTTCTAATCATTGAAAAGGGAACCATCGGTCATTCATTTAAACATTGGCCTCTATCAACAAAGACCATCACACCATCATTTACAACTAATGGTTTTGGCATGCCAGATATGAATGCAATAGCTAAAGATACATCACCTGCCTTCACTTTCAATGAAGAACATTTATCTGGAAAACGTTATGCTGAATACCTCTCACTAGTAGCTACGCATTACAATCTAAATGTCAAAACAAACACCAATGTTTCACGTGTAACATACATAGATGGTGTATATCATGTATCAACGGACTATGGTGTTTATACCGCAGATTATATATTTATAGCAACTGGAGACTATTCATTCCCATATCATCCTTTTTCATATGGACGTCATTACAGTGAAATTCAAACATTCACTCAATTAAAAGGTGATGCTTTTACAATCATTGGT";"seq22";0;0;0;73;0;0;0;0;16;16;0;0;0;0;0;0;0;0;7530;9117;0;0;0;0;0;0;0;0;4;14;16;0;0;0;68;18;0;31;0;0;0;0;0;0;0;0;0;0;0
"11";"AGAATTCTATATTAAAGATGTTCTAATTGTGGAAAAGGGATCCATCGGTCATTCATTTAAACATTGGCCTCTATCAACAAAGACCATCACACCATCATTTACAACTAATGATTTTGGCATGCCAGATATGAATGCAATAGCTAAAGATACATCACCTGCCTTCACTTTCAATGAAGAACATTTATCTGGAAAACGTTATGCTGAATACCTCTCACTAGTAGCTACGCATTACAATCTAAATGTCAAAACAAATACCAATGTTTCACGTGTAACATACATAGATGGTATATATCATGTATCAACGGACTATGGCGTGTATACAGCAGATTATATATTTATAGCAACCGGAGACTATTCATTCCCGCATCATCCCTTTTCATATGGACGTCATTATAGTGAGATTCGAACGTTCACTCAATTAAACGGTGACGCCTTTACAATTATTGGA";"seq14";0;161;0;0;0;35;171;820;0;0;675;25;1463;2005;19;159;4099;4544;50;162;0;0;0;0;0;0;13;0;0;34;0;0;0;0;0;0;0;104;0;0;0;0;0;0;561;0;0;0;0
"12";"AGAATTCAATATTAAAGATGTTCTAATTATTGAAAAGGGAACCATCGGTCATTCATTTAAACATTGGCCTCTATCAACAAAGACCATCACACCATCATTTACAACTAATGGTTTTGGCATGCCAGATATGAATGCAATAGCTAAAGATACATCACCTGCCTTCACTTTCAATGAAGAACATTTATCTGGAAAACGTTATGCTGAATACCTCTCACTAGTAGCTACGCATTACAATCTAAATGTCAAAACAAACACCAATGTTTCACGTGTAACATACATAGATGGTGTATATCATGTATCAACGGACTATGGTGTTTATACCGCAGATTATATATTTATAGCAACTGGAGACTATTCATTCCCATATCATCCTTTTTCATATGGACGTCATTACAGTGAAATTCAAACATTCACTCAATTAAAAGGTGATGCATTTACAATCATTGGT";"seq24";0;0;0;0;0;0;0;0;1108;1057;0;0;0;0;0;0;0;0;0;0;0;0;0;0;0;0;0;0;0;0;0;0;0;0;0;0;0;0;0;0;3984;5335;0;0;0;0;0;0;0
"13";"AGAATTCAATATTAAAGATGTTCTAATTATTGAAAAGGGAACCATCGGTCATTCATTTAAACATTGGCCTCTATCAACAAAGACCATCACACCATCATTTACAACTAATGGTTTTGGCATGCCAGATATGAATGCAATAGCTAAAGATACATCACCTGCCTTCACTTTCAATGAAGAACATTTATCTGGAAAACGTTATGCTGAATACCTCTCACTAGTAGCTACGCATTACAATCTAAATGTCAAAACAAACACCAATGTTTCACGTGTAACATACATAGATGGTGTATATCATGTATCAACGGACTATGGTGTATATACCGCAGATTATATATTTATAGCAACTGGAGACTATTCATTCCCATATCATCCTTTTTCATATGGACGTCATTACAGTGAAATTCAAACATTCACTCAATTAAAAGGTGATGCTTTTACAATCATTGGT";"seq24";0;0;0;87;0;0;270;401;0;0;0;0;0;0;0;0;0;0;0;1;0;0;0;92;0;0;0;0;0;0;0;0;515;1483;0;0;0;0;0;0;0;0;115;70;311;824;2452;53;55
"14";"AGAATTCTATATTAAAGATGTTCTAATTGTGGAAAAGGGATCCATCGGCAATTCATTTAAACATTGGCCTATCTCAACCAAGACTATCACACCATCATTTACAACTAATGGTTTTGGCATGCCAGATATGAATGCTATAGCTAAAGATACTTCACCTGCCTTCACTTTCAATGAAGAACATTTGTCTGGAAATAATTACGCTCAATACATTTCATTAGTAGCTGAGCATTACAATCTAAATGTCAAAACAAATACCAATGTTTCACGTGTAACATACATAGATGGTATATATCATGTATCAACGGACTATGGTGTTTATACCGCAGATTATATATTTATAGCAACTGGAGACTATTCATTCCCATATCATCCTTTTTCATATGGACGTCATTACAGTGAGATTCGAGCGTTCACTCAATTAAACGGTGACGCCTTTACAATTATTGGA";"seq1";0;0;159;63;514;1060;407;909;0;0;193;73;49;0;24;673;73;69;0;25;0;0;0;0;0;13;0;0;244;676;0;0;265;0;0;15;0;0;0;0;0;0;35;37;62;0;0;0;0
"15";"AGAATTCTGTATTAAAGATGTTCTAATTGTAGAAAAGGGATCCATCGGCAATTCATTTAAACATTGGACTATCTCAACCAAGACCATCACACCATCATTTACAACTAATGGTTTTGGCATGCCAGATATGAATGCTATAGCTAAAGATACTTCACCTGCCTTCACTTTCAATGAAGAACATTTGTCTGGAAATAATTACGCTCAATACATTTCATTAGTAGCTGAGCATTACAATCTAAACGTCAAAACAAATACCAATGTTTCACGTGTAACATACATAGATGGTATATATCATGTATCAACGGACTATGGCGTGTATACAGCAGATTATATATTTATAGCAACCGGAGACTATTCATTCCCGCATCATCCCTTTTCATATGGACGTCATTATAGTGAGATTCGAGCGTTCACTCAATTAAACGGTGACGCCTTTACAATTATTGGA";"seq5";0;0;0;0;0;0;0;0;0;0;0;0;0;0;0;0;0;0;0;0;0;0;0;0;0;0;52;114;2197;5202;0;0;0;0;0;0;0;0;0;0;0;0;0;0;0;0;0;0;0
"16";"AGAATTCTGTATTAAAGATGTTCTAATTGTAGAAAAGGGATCCATCGGCAATTCATTTAAACATTGGCCTATCTCAACCAAGACCATCACACCATCATTTACAACTAATGGTTTTGGCATGCCAGATATGAATGCTATAGCTAAAGATACTTCACCTGCCTTCACTTTCAATGAAGAACATTTGTCTGGAAATAATTACGCTCAATACATTTCATTAGTAGCTGATCATTACAATCTAAACGTCAAAACAAATACCAATGTTTCACGTGTAACATACATAGATGGTATATATCATGTATCAACGGACTATGGCGTGTATACAGCAGATTATATATTTATAGCAACCGGAGACTATTCATTCCCGCATCATCCCTTTTCATATGGACGTCATTATAGTGAGATTCGAGCGTTCACTCAATTAAACGGTGACGCCTTTACAATTATTGGA";"seq6";0;0;0;0;0;0;0;0;0;0;0;0;0;0;0;0;0;0;134;0;0;0;0;0;0;0;0;0;0;0;0;0;0;0;0;0;0;0;2976;3993;0;0;0;0;0;0;0;0;0
"17";"AGAATTCAATATTAAAGATGTTCTAATTGTTGAAAAGGGAACCATCGGTCATTCATTTAAACATTGGCCTCTATCAACAAAGACCATCACACCATCATTTACAACTAATGGTTTTGGCATGCCAGATATGAATGCAATAGCTAAAGATACATCACCTGCCTTCACTTTCAATGAAGAACATTTATATGGAAAACGTTATGCTGAATACCTCTCACTAGTAGCTACGCATTACAATCTAAATGTCAAAACAAATACCAATGTTTCACGTGTAACATACATAGATGGTGTATATCATGTATCAACGGACTATGGTGTTTATACCGCAGATTATATATTTATAGCAACTGGAGACTATTCATTCCCATATCATCCTTTTTCATATGGACGTCATTACAGTGAAATTCAAACATTCACTCAATTAAAAGGTGATGCTTTTACAATCATTGGT";"seq19";0;0;0;0;0;385;0;133;0;0;0;864;178;0;0;0;0;0;0;0;0;0;107;359;50;54;0;0;0;0;0;0;0;0;0;0;0;0;0;0;0;0;0;0;329;0;0;0;0
"18";"AGAATTCAATATTAAAGATGTTCTAATTGTTGAAAAGGGAACCATCGGTCATTCATTTAAACATTGGCCTCTATCAACAAAGACCATCACACCATCATTTACAACTAATGGTTTTGGCATGCCAGATATGAATGCAATAGCTAAAGATACATCACCTGCCTTCACTTTCAATGAAGAACATTTATCTGGAAAACGTTATGCTGAATACCTCTCACTAGTAGCTACGCATTACAATCTAAATGTCAAAACAAACACCAATGTTTCACGTGTAACATACATAGATGGTGTATATCATGTATCAACGGACTATGGTGTTTATACCGCAGATTATATATTTATAGCAACTGGAGACTATTCATTCCCATATCATCCTTTTTCATATGGACGTCATTACAGTGAAATTCAAACATTCACTCAATTAAAAGGTGATGCTTTTACAATCATTGGT";"seq21";0;0;0;0;540;35;127;223;6;8;0;2;0;0;0;0;0;0;0;589;0;0;189;0;0;0;0;0;188;349;0;0;0;0;0;0;0;0;0;0;13;17;0;0;0;0;0;0;0
"19";"AGAATTCTGTATTAAAAATGTTCTAATTGTGGAAAAGGGATCCATCGGCAATTCATTTAAACATTGGCCTATCTCAACCAAGACCATCACACCATCATTTACAACTAATGGTTTTGGCATGCCAGATATGAATGCTATAGCTAAAGATACTTCACCTGCTTTCACTTTCAATGAAGAACATTTGTCTGGAAATAATTACGCTCAATACATTTCATTAGTAGCTGAGCATTACAATCTAAACGTCAAAACAACTACCAATGTTTCACGTGTAACATACATAGATGGTATATATCATGTATCAACGGACTATGGCGTGTATACAGCAGATTATATATTTATAGCAACCGGAGACTATTCATTCCCGCATCATCCCTTTTCATATGGACGTCATTATAGTGAGATTCGAGCGTTCACTCAATTAAACGGTGACGCCTTTACAATTATTGGA";"seq2";0;0;0;0;172;333;58;582;0;0;0;0;0;0;0;0;90;74;0;0;0;0;0;0;0;0;0;0;0;0;0;0;0;0;0;0;0;0;0;0;0;0;239;116;88;0;0;0;0
"20";"AGAATTCTGTATTAAAGATGTTCTAATTGTAGAAAAGGGATCCATCGGCAATTCATTTAAACATTGGCCTATCTCAACCAAGACCATCACACCATCATTTACAACTAATGGTTTTGGCATGCCAGATATGAATGCTATAGCTAAAGATACTTCACCTGCCTTCACTTTCAATGAAGAACATTTATCTGGAAAACGTTATGCTGAATACCTCTCACTAGTAGCTACGCATTACAATCTAAATGTCAAAACAAATACCAATGTTTCACGTGTAACATACATAGATGGTATATATCATGTATCAACGGACTATGGCGTGTATACAGCAGATTATATATTTATAGCAACTGGAGACTATTCATTCCCATATCATCCTTTTTCATATAGACTTCATTACAGTGAAATTCAAACATTCACTCAATTAAAAGGTGATGCTTTTACAATCATTGGT";"seq27";0;0;0;0;0;0;0;0;167;193;0;0;0;0;0;0;0;0;0;0;0;0;0;0;33;43;42;51;161;286;0;0;0;0;0;0;0;0;0;0;630;846;0;0;0;0;0;0;0
"21";"AGAATTCTGTATTAAAGATGTTCTAATTGTAGAAAAGGGATCCATCGGCAATTCATTTAAACATTGGCCTCTATCAACAAAGACCATCACACCATCATTTACAACTAATGGTTTTGGCATGCCAGATATGAATGCAATAGCTAAAGATACATCACCTGCCTTCACTTTCAATGAAGAACATTTATCTGGAAAACGTTATGCTGAATACCTCTCACTAGTAGCTACGCATTACAATCTAAATGTCAAAACAAATACCAATGTTTCACGTGTAACATACATAGATGTTATATATCATGTATCAACGGACTATGGCGTGTATACAGCAGATTATATATTTATAGCAACTGGAGACTATTCATTCCCATATCATCCTTTTTCATATGGACTTCATTATAGTGAAATTCAAACATTCACTCAATTAAAAGGTGATGCTTTTACAATCATTGGT";"seq29";0;0;0;0;621;469;62;107;0;0;0;0;0;0;0;0;0;0;0;0;0;0;0;0;0;0;0;36;96;113;0;0;0;0;0;0;0;0;0;0;0;0;0;0;0;0;0;0;0
"22";"AGAATTCAATATTAAAGATGTTCTAATTGTTGAAAAGGGAACCATCGGTCATTCATTTAAACATTGGCCTCTATCAACAAAGACCATCACACCATCATTTACAACTAATGGTTTTGGCATGCCAGATATGAATGCAATAGCTAAAGATACATCACCTGCCTTCACTTTCAATGAAGAACATTTATCTGGAAAACGTTATGCTGAATACCTCTCACTAGTAGCTACGCATTACAATCTAAATGTCAAAACAAATACCAATGTTTCACGTGTAACATACATAGATGGTATATATCATGTATCAACGGACTATGGCGTGTATACAGCAGATTATATATTTATAGCAACTGGAGACTATTCATTCCCATATCATCCTTTTTCATATGGACGTCATTACAGTGAAATTCAAACATTCACTCAATTAAAAGGTGATGCTTTTACAATCATTGGT";"seq30";0;0;0;0;641;0;142;0;58;46;0;0;0;0;0;0;0;0;0;413;0;0;0;0;0;0;0;0;0;0;0;0;0;0;0;22;0;0;0;0;0;0;12;11;0;0;0;0;0
"23";"AGAATTCTATATTAAAGATGTTCTAATTGTGGAAAAGGGATCCATCGGTCATTCATTTAAACATTGGCCTCTATCAACAAAGACCATCACACCATCATTTACAACTAATGGTTTTGGCATGCCAGATATGAATGCAATAGCTAAAGATACATCACCTGCCTTCACTTTCAATGAAGAACATTTGTCTGGAAATAATTACGCTCAATACATTTCATTAGTAGCTGAGCATTACAATCTAAATGTCAAAACAAATACCAATGTTTCACGTGTAACATACATAGATGGTATATATCATGTATCAACGGACTATGGTGTTTATACCGCAGATTATATATTTATAGCAACTGGAGACTATTCATTCCCATATCATCCTTTTTCATATGGACGTCATTACAGTGAGATTCGAGCGTTCACTCAATTAAACGGTGACGCCTTTACAATTATTGGA";"seq1";0;0;0;0;0;0;0;0;0;0;0;0;0;0;0;0;0;0;0;0;0;0;0;0;0;0;0;0;0;0;0;0;0;0;693;894;0;0;0;0;0;0;0;0;0;0;0;0;0
"24";"AGAATTCAATATTAAAGATGTTCTAATTGTTGAAAAGGGAACCATCGGTCATTCATTTAAACATTGGCCTCTATCAACAAAGACCATCACACCATCATTTACAACTAATGGTTTTGGCATGCCAGATATGAATGCAATAGCTAAAGATACATCACCTGCCTTCACTTTCAATGAAGAACATTTATCTGGAAAACGTTATGCTGAATACCTCTCACTAGTAGCTACGCATTACAATCTAAATGTCAAAACAAATACCAATGTTTCACGTGTAACATACATAGATGGTATATATCATGTATCAACGTACTATGGCGTGTATACAGCAGATTATATATTTATAGCAACTGGAGACTATTCATTCCCATATCATCCTTTTTCATATGGACTTCATTACAGTGAAATTCAAACATTCACTCAATTAAAAGGTGATGCTTTTACAATCATTGGT";"seq31";0;0;0;0;0;80;361;262;0;0;0;0;0;0;0;0;0;0;0;0;0;0;0;0;0;0;0;0;0;0;0;0;0;0;0;0;0;0;0;0;0;0;0;0;0;0;0;0;0
"25";"AGAATTCTGTATTAAAGATGTTCTAATTGTGGAAAAGGGATCCATCGGCAATTCATTTAAACATTGGCCTATCTCAACCAAGACCATCACACCATCATTTACAACTAACGGTTTTGGCATGCCAGATATGAATGCTATAGCTAAAGATACTTCACCTGCTTTCACTTTCAATGAAGAACATTTATCTGGAAATAATTACGCTCAATACATTTCATTAGTAGCTGAGCATTACAATCTAAACGTCAAAACAAATACCAATGTTTCACGTGTAACATACATAGATGGTATATATCATGTATCAACAGACTATGGCGTGTATACAGCAGATTATATATTTATAGCAACCGGAGACTATTCATTCCCGCATCATCCCTTTTCATATGGACGTCATTATAGTGAGATTCGAGCGTTCACTCAATTAAACGGTGATGCCTTTACAATTATTGGA";"seq10";0;0;0;0;0;0;0;26;0;0;140;95;0;0;0;0;0;0;0;0;0;0;0;0;0;0;0;0;309;754;0;0;0;0;0;0;0;0;0;0;0;0;0;0;0;0;0;0;0
"26";"AGAATTCTATATTAAAGATGTTCTAATTTTGGAAAAGGGATCCATCGGTCATTCATTTAAACATTTGCCTCTATCAACAAAGACCATCACACCATCATTTACAACTAATGATTTTGGCATGCCAGATATGAATGCAATAGCTAAAGATACATCACCTGCCTTCACTTTCAATGAAGAACATTTATCTGGAAAACGTTATGCTGAATACCTCTCACTAGTAGCTACGCATTACAATCTAAATGTCAAAACAAATACCAATGTTTCACGTGTAACATACATAGATGGTATATATCATGTATCAACGGACTATGGCGTGTATACAGCAGATTATATATTTATAGCAACTGGAGACTATTCATTCCCATATCATCCTTTTTCATATAGACTTCATTACAGTGAAATTCAAACATTCACTCAATTAAAAGGTGATGCTTTTACAATCATTGGT";"seq40";0;0;0;0;0;0;147;0;102;84;0;0;0;0;0;0;1;1;0;0;0;0;0;0;211;251;0;0;0;0;0;0;0;0;0;0;0;0;0;0;0;0;0;0;0;0;0;142;238
"27";"AGAATTCTGTATTAAAGATGTTCTAATTTTAGAAAAGGGATCCATCGGCAATTCATTTAAACATTTGCCTCTATCAACAAAGACCATCACACCATCATTTACAACTAATGGTTTTGGCATGCCAGATATGAATGCAATAGCTAAAGATACATCACCTGCCTTCACTTTCAATGAAGAACATTTATCTGGAAAACGTTATGCTGAATACCTCTCACTAGTAGCTACGCATTACAATCTAAATGTCAAAACAAATACCAATGTTTCACGTGTAACATACATAGATGGTATATATCATGTATCAACGGACTATGGCGTGTATACAGCAGATTATATATTTATAGCAACTGGAGACTATTCATTCCCATATCATCCTTTTTCATATGGACTTCATTACAGTGAAATTCAAACATTCACTCAATTAAAAGGTGATGCTTTTACAATCATTGGT";NA;0;0;0;0;0;0;62;0;0;0;0;0;0;0;0;0;0;0;0;0;0;0;0;0;0;0;228;307;119;242;0;0;0;0;0;0;0;0;0;0;0;0;0;4;0;0;116;0;0
"28";"AGAATTCAATATGAAAGATGTTCTAATCATTGAAAAGGGAACCATCGGTCATTCATTTAAACATTTGCCTCTATCAACAAAGACCCTCACACCATCATTTACAACTAATGGTTTTGGCATGCCAGATATGAATGCAATAGCTAAAGATACATCACCTGCCTTCACTTTCAATGAAGAACATTTATCTGGAAAACGTTATGCTGAATACCTCTCACTAGTAGCTACGCATTACAATCTAAATGTCAAAACAAACACCAATGTTTCACGTGTAACATACATAGATGGTATATATCATGTATCAACGGACTATGGTGTTTATACCGCAGATTATATATTTATAGCAACTGGAGACTATTCATTCCCATATCATCCTTTTTCATATGGACTTCATTACAGTGAAATTCAAACATTCACTCAATTAAAAGGTGATGCTTTTACAATCATTGGT";"seq18";0;0;0;0;0;0;0;0;70;56;0;0;49;48;0;0;0;0;0;0;0;0;0;0;41;27;221;356;45;104;0;0;0;0;0;0;0;0;0;0;0;0;0;0;0;0;0;0;0
"29";"AGAATTCTGTATTAAAGATGTTCTAATTGTGGAAAAGGGATCCATCGGCAATTCATTTAAACATTGGCCTATCTCAACCAAGACCATCACACCATCATTTACAACTAACGGTTTTGGCATGCCAGATATGAATGCTATAGCTAAAGATACTTCACCTGCTTTCACTTTCAATGAAGAACATTTATCTGGAAATAATTACGCTCAATACATTTCATTAGTAGCTGAGCATTACAATCTAAACGTCAAAACAAATACCAATGTTTCACGTGTAACATACATAGATGGTATATATCATGTATCAACAGACTATGGCGTGTATACAGCAGATTATATATTTATAGCAACCGGAGACTATTCATTCCCGCATCATCCCTTTTCATATGGACGTCATTATAGTGAGATTCGAGCGTTCACTCAATTAAACGGTGACGCCTTTACAATTATTGGA";"seq11";0;0;0;0;0;232;0;0;0;0;0;111;0;0;0;0;0;0;0;0;0;0;0;0;0;0;0;0;0;0;0;0;0;233;101;66;0;0;0;0;0;0;0;0;78;0;0;0;0
"30";"AGAATTCTGTATGAAAGATGTTCTAATTTTAGAAAAGGGATCCATCGGCAATTCATTTAAACATTTGCCTCTATCAACAAAGACCCTCACACCATCATTTACAACTAATGGTTTTGGCATGCCAGATATGAATGCAATAGCTAAAGATACATCACCTGCCTTCACTTTCAATGAAGAACATTTATCTGGAAAACGTTATGCTGAATACCTCTCACTAGTAGCTACGCATTACAATCTAAATGTCAAAACAAATACCAATGTTTCACGTGTAACATACATAGATGGTATATATCATGTATCAACGGACTATGGCGTGTATACAGCAGATTATATATTTATAGCAACTGGAGACTATTCATTCCCATATCATCCTTTTTCATATGGACTTCATTACAGTGAAATTCAAACATTCACTCAATTAAAAGGTGATGCTTTTACAATCATTGGT";NA;0;0;0;0;16;0;25;57;100;62;17;0;0;0;0;0;32;0;0;0;0;0;0;43;35;52;75;107;39;98;0;0;0;0;0;0;0;0;0;0;0;0;8;3;0;0;50;0;0
"31";"AGAATTCAATATTAAAGATGTTCTAATTTTTGAAAAGGGAACCATCGGTCATTCATTTAAACATTTGCCTCTATCAACAAAGACCATCACACCATCATTTACAACTAATGGTTTTGGCATGCCAGATATGAATGCAATAGCTAAAGATACATCACCTGCCTTCACTTTCAATGAAGAACATTTATCTGGAAAACGTTATGCTGAATACCTCTCACTAGTAGCTACGCATTACAATCTAAATGTCAAAACAAATACCAATGTTTCACGTGTAACATACATAGATGGTATATATCATGTATCAACGGACTATGGCGTGTATACAGCAGATTATATATTTATAGCAACTGGAGACTATTCATTCCCATATCATCCTTTTTCATATGGACTTCATTACAGTGAAATTCAAACATTCACTCAATTAAAAGGTGATGCTTTTACAATCATTGGT";NA;0;0;0;0;0;0;0;0;0;0;0;0;0;0;0;0;0;0;0;0;428;427;0;0;0;0;0;0;0;0;0;0;0;0;0;0;0;0;0;0;0;0;5;1;0;0;0;0;0
"32";"AGAATTCTGTATTAAAGATGTTCTAATTTTAGAAAAGGGATCCATCGGCAATTCATTTAAACATTTGCCTATCTCAACCAAGACCATCACACCATCATTTACAACTAATGGTTTTGGCATGCCAGATATGAATGCTATAGCTAAAGATACTTCACCTGCCTTCACTTTCAATGAAGAACATTTGTCTGGAAATAATTACGCTCAATACATTTCATTAGTAGCTGAGCATTACAATCTAAACGTCAAAACAAATACCAATGTTTCACGTGTAACATACATAGATGGTATATATCATGTATCAACGGACTATGGCGTGTATACAGCAGATTATATATTTATAGCAACCGGAGACTATTCATTCCCGCATCATCCTTTTTCATATGGACGTCATTACAGTGAGATTCGAGCGTTCACTCAATTAAACGGTGACGCCTTTACAATTATTGGA";"seq3";0;0;0;0;0;0;0;0;0;0;0;0;0;0;0;0;0;0;0;0;0;0;0;0;0;0;134;171;0;0;0;0;0;0;238;306;0;0;0;0;0;0;0;0;0;0;0;0;0
"33";"AGAATTCAATATTAAAGATGTTCTAATTGTTGAAAAGGGAACCATCGGTCATTCATTTAAACATTGGCCTCTATCAACAAAGACCATCACACCATCATTTACAACTAATGGTTTTGGCATGCCAGATATGAATGCAATAGCTAAAGATACATCACCTGCCTTCACTTTCAATGAAGAACATATATCTGGAAAACGTTATGCTGAATACCTCTCACTAGTAGCTACGCATTATAATCTAAATGTCAAAACAAACACCAATGTTTCACGTGTAACATACATAGATGGTGTATATCATGTATCAACGGACTATGGTGTATATACCGCAGATTATATATTTATAGCAACTGGAGACTATTCATTCCCATATCATCCTTTTTCATATGGACGTCATTACAGTGAAATTCAAACATTCACTCAATTAAAAGGTGATGCTTTTACAATCATTGGT";"seq16";0;0;0;0;0;0;0;38;0;0;0;0;0;0;0;0;0;0;0;0;0;0;57;255;47;53;0;27;0;34;0;0;0;0;0;0;0;0;0;0;0;0;0;0;0;0;0;0;0
"34";"AGAATTCTGTATTAAAGATGTTCTAATTGTAGAAAAGGGATCCATCGGCAATTCATTTAAACATTGGCCTCTATCAACAAAGACCATCACACCATCATTTACAACTAATGGTTTTGGCATGCCAGATATGAATGCAATAGCTAAAGATACATCACCTGCCTTCACTTTCAATGAAGAACATTTATCTGGAAAACGTTATGCTGAATACCTCTCACTAGTAGCTACGCATTACAATCTAAATGTCAAAACAAATACCAATGTTTCACGTGTAACATACATAGATGGTATATATCATGTATCAACGGACTATGGCGTGTATACAGCAGATTATATATTTATAGCAACTGGAGACTATTCATTCCCATATCATCCTTTTGCATATGGACTTCATTACAGTGAAATTCAAACATTCACTCAATTAAAAGGTGATGCTTTTACAATCATGGGT";NA;0;0;0;0;0;0;34;44;55;58;16;13;0;0;0;0;23;20;0;0;6;1;0;0;0;32;67;126;42;99;0;0;0;0;0;0;0;0;0;12;0;0;0;0;15;0;47;0;0
"35";"AGAATTCTATATGAAAGATGTTCTAATTTTGGAAAAGGGATCCATCGGTCATTCATTTAAACATTTGCCTCTATCAACAAAGACCCTCACACCATCATTTACAACTAATGATTTTGGCATGCCAGATATGAATGCAATAGCTAAAGATACATCACCTGCCTTCACTTTCAATGAAGAACATTTATCTGGAAAACGTTATGCTGAATACCTCTCACTAGTAGCTACGCATTACAATCTAAATGTCAAAACAAATACCAATGTTTCACGTGTAACATACATAGATGGTATATATCATGTATCAACGGACTATGGCGTGTATACAGCAGATTATATATTTATAGCAACTGGAGACTATTCATTCCCATATCATCCTTTTTCATATAGACTTCATTACAGTGAAATTCAAACATTCACTCAATTAAAAGGTGATGCTTTTACAATCATTGGT";NA;0;0;0;0;20;0;70;133;45;40;0;0;0;0;0;0;2;0;0;0;0;0;0;0;104;80;0;0;0;0;0;0;0;0;0;24;0;0;0;0;0;0;0;0;0;0;0;73;75
"36";"AGAATTCAATATTAAAGATGTTCTAATTTTTGAAAAGGGAACCATCGGTCATTCATTTAAACATTTGCCTCTATCAACAAAGACCATCACACCATCATTTACAACTAATGGTTTTGGCATGCCAGATATGAATGCAATAGCTAAAGATACATCACCTGCCTTCACTTTCAATGAAGAACATTTATCTGGAAAACGTTATGCTGAATACCTCTCACTAGTAGCTACGCATTACAATCTAAATGTCAAAACAAATACCAATGTTTCACGTGTAACATACATAGATGGTATATATCATGTATCAACGGACTATGGCGTGTATACAGCAGATTATATATTTATAGCAACTGGAGACTATTCATTCCCATATCATCCTTTTTCATATGGACTTCATTATAGTGAAATTCAAACATTCACTCAATTAAAAGGTGATGCTTTTACAATCATTGGT";"seq28";0;0;0;0;0;0;0;0;0;0;0;0;0;14;0;0;0;0;0;0;0;0;0;0;0;0;0;0;0;0;0;0;0;0;0;0;0;0;0;0;289;384;6;7;0;0;0;0;0
"37";"AGAATTCAATATGAAAGATGTTCTAATTTTTGAAAAGGGAACCATCGGTCATTCATTTAAACATTTGCCTCTATCAACAAAGACCCTCACACCATCATTTACAACTAATGGTTTTGGCATGCCAGATATGAATGCAATAGCTAAAGATACATCACCTGCCTTCACTTTCAATGAAGAACATTTATCTGGAAAACGTTATGCTGAATACCTCTCACTAGTAGCTACGCATTACAATCTAAATGTCAAAACAAATACCAATGTTTCACGTGTAACATACATAGATGGTATATATCATGTATCAACGGACTATGGCGTGTATACAGCAGATTATATATTTATAGCAACTGGAGACTATTCATTCCCATATCATCCTTTTTCATATGGACTTCATTACAGTGAAATTCAAACATTCACTCAATTAAAAGGTGATGCTTTTACAATCATTGGT";NA;0;0;2;13;13;0;21;39;8;9;0;26;1;1;0;0;0;0;0;0;222;197;0;0;0;2;0;0;0;0;0;0;0;0;0;0;0;0;0;0;0;0;1;1;36;0;0;0;0
"38";"AGAATTCAATATTAAAGATGTTCTAATTTTTGAAAAGGGAACCATCGGTCATTCATTTAAACATTTGCCTCTATCAACAAAGACCATCACACCATCATTTACAACTAATGGTTTTGGCATGCCAGATATGAATGCAATAGCTAAAGATACATCACCTGCCTTCACTTTCAATGAAGAACATTTATCTGGAAAACGTTATGCTGAATACCTCTCACTAGTAGCTACGCATTACAATCTAAATGTCAAAACAAATACCAATGTTTCACGTGTAACATACATAGATGGTGTATATCATGTATCAACGGACTATGGTGTTTATACCGCAGATTATATATTTATAGCAACTGGAGACTATTCATTCCCATATCATCCTTTTTCATATGGACGTCATTACAGTGAAATTCAAACATTCACTCAATTAAAAGGTGATGCTTTTACAATCATTGGT";"seq20";0;0;0;0;0;0;0;0;0;0;0;0;0;169;0;0;0;0;0;0;0;0;0;0;0;0;0;0;0;0;0;0;0;0;0;0;0;0;0;0;1;4;292;216;0;0;0;0;0
"39";"AGAATTCAATATGAAAGATGTTCTAATTTTTGAAAAGGGAACCATCGGTCATTCATTTAAACATTTGCCTCTATCAACAAAGACCCTCACACCATCATTTACAACTAATGGTTTTGGCATGCCAGATATGAATGCAATAGCTAAAGATACATCACCTGCCTTCACTTTCAATGAAGAACATTTATCTGGAAAACGTTATGCTGAATACCTCTCACTAGTAGCTACGCATTACAATCTAAATGTCAAAACAAATACCAATGTTTCACGTGTAACATACATAGATGGTGTATATCATGTATCAACGGACTATGGTGTTTATACCGCAGATTATATATTTATAGCAACTGGAGACTATTCATTCCCATATCATCCTTTTTCATATGGACGTCATTACAGTGAAATTCAAACATTCACTCAATTAAAAGGTGATGCTTTTACAATCATTGGT";"seq20";0;0;17;29;0;0;2;9;69;56;0;17;76;65;0;0;0;0;0;0;0;0;0;0;26;27;0;0;0;0;0;0;0;0;0;0;0;0;0;0;1;1;130;88;15;0;0;0;0
"40";"AGAATTCAATATTAAAGATGTTCTAATTGTTGAAAAGGGAACCATCGGTCATTCATTTAAACATTGGCCTCTATCAACAAAGACCATCACACCATCATTTACAACTAATGGTTTTGGCATGCCAGATATGAATGCAATAGCTAAAGATACATCACCTGCCTTCACTTTCAATGAAGAACATTTATCTGGAAAACGTTATGCTGAATACCTCTCACTAGTAGCTACGCATTACAATCTAAATGTCAAAACAAATACCAATGTTTCACGTGTAACATACATAGATGGTATATATCATGTATCAACGGACTATGGCGTGTATACAGCAGATTATATATTTATAGCAACTGGAGACTATTCATTCCCATATCATCCTTTTGCATATGGACTTCATTACAGTGAAATTCAAACATTCACTCAATTAAAAGGTGATGCTTTTACAATCATGGGT";NA;0;0;0;0;0;0;25;48;7;9;1;16;0;0;0;0;2;7;0;0;165;169;0;0;0;0;0;1;2;4;0;0;0;0;0;0;0;0;0;1;0;0;0;0;19;0;0;0;0
"41";"AGAATTCAATATTAAAGATGTTCTAATCATTGAAAAGGGAACCATCGGTCATTCATTTAAACATTGGCCTCTATCAACAAAGACCATCACACCATCATTTACAACTAATGGTTTTGGCATGCCAGATATGAATGCAATAGCTAAAGATACATCACCTGCCTTCACTTTCAATGAAGAACATTTATCTGGAAAACGTTATGCTGAATACCTCTCACTAGTAGCTACGCATTACAATCTAAATGTCAAAACAAACACCAATGTTTCACGTGTAACATACATAGATGGTATATATCATGTATCAACGGACTATGGTGTTTATACCGCAGATTATATATTTATAGCAACTGGAGACTATTCATTCCCATATCATCCTTTTGCATATGGACTTCATTACAGTGAAATTCAAACATTCACTCAATTAAAAGGTGATGCTTTTACAATCATGGGT";"seq18";0;0;0;28;0;0;0;0;30;40;0;0;25;0;0;0;0;0;0;0;0;0;0;0;28;29;108;155;36;65;0;0;0;0;0;0;0;0;0;0;0;0;0;0;0;0;0;0;0
"42";"AGAATTCTGTATTAAAGATGTTCTAATTGTAGAAAAGGGATCCATCGGCAATTCATTTAAACATTGGCCTCTATCAACAAAGACCCTCACACCATCATTTACAACTAATGGTTTTGGCATGCCAGATATGAATGCAATAGCTAAAGATACATCACCTGCCTTCACTTTCAATGAAGAACATTTATCTGGAAAACGTTATGCTGAATACCTCTCACTAGTAGCTACGCATTACAATCTAAATGTCAAAACAAATACCAATGTTTCACGTGTAACATACATAGATGGTATATATCATGTATCAACGGACTATGGCGTGTATACAGCAGATTATATATTTATAGCAACTGGAGACTATTCATTCCCATATCATCCTTTTTCATATGGACTTCATTACAGTGAAATTCAAACATTCACTCAATTAAAAGGTGATGCTTTTACAATCATTGGT";NA;0;0;0;0;0;0;0;0;0;0;0;0;0;0;0;0;0;0;0;0;0;0;0;0;0;0;0;0;0;503;0;0;0;0;0;0;0;0;0;0;0;0;0;0;0;0;0;0;0
"43";"AGAATTCAATATGAAAGATGTTCTAATTTTTGAAAAGGGAACCATCGGTCATTCATTTAAACATTTGCCTCTATCAACAAAGACCCTCACACCATCATTTACAACTAATGGTTTTGGCATGCCAGATATGAATGCAATAGCTAAAGATACATCACCTGCCTTCACTTTCAATGAAGAACATTTATCTGGAAAACGTTATGCTGAATACCTCTCACTAGTAGCTACGCATTACAATCTAAATGTCAAAACAAATACCAATGTTTCACGTGTAACATACATAGATGGTATATATCATGTATCAACGGACTATGGCGTGTATACAGCAGATTATATATTTATAGCAACTGGAGACTATTCATTCCCATATCATCCTTTTTCATATGGACTTCATTATAGTGAAATTCAAACATTCACTCAATTAAAAGGTGATGCTTTTACAATCATTGGT";"seq28";0;0;3;3;4;0;4;18;38;47;0;7;4;4;0;0;0;0;0;0;0;0;0;0;6;6;0;0;0;0;0;0;0;0;0;0;0;0;0;0;102;180;4;3;1;0;0;0;0
"44";"AGAATTCTATATTAAAGATGTTCTAATTGTGGAAAAGGGATCCATCGGTCATTCATTTAAACATTGGCCTCTATCAACAAAGACCCTCACACCATCATTTACAACTAATGATTTTGGCATGCCAGATATGAATGCAATAGCTAAAGATACATCACCTGCCTTCACTTTCAATGAAGAACATTTATCTGGAAAACGTTATGCTGAATACCTCTCACTAGTAGCTACGCATTACAATCTAAATGTCAAAACAAATACCAATGTTTCACGTGTAACATACATAGATGGTATATATCATGTATCAACGGACTATGGCGTGTATACAGCAGATTATATATTTATAGCAACTGGAGACTATTCATTCCCATATCATCCTTTTTCATATAGACTTCATTACAGTGAAATTCAAACATTCACTCAATTAAAAGGTGATGCTTTTACAATCATTGGT";NA;0;0;0;0;0;0;0;0;0;0;0;0;0;0;0;0;0;0;0;0;0;0;0;0;0;463;0;0;0;0;0;0;0;0;0;0;0;0;0;0;0;0;0;0;0;0;0;0;0
"45";"AGAATTCTGTATGAAAGATGTTCTAATTTTAGAAAAGGGATCCATCGGCAATTCATTTAAACATTTGCCTATCTCAACCAAGACCCTCACACCATCATTTACAACTAATGGTTTTGGCATGCCAGATATGAATGCTATAGCTAAAGATACTTCACCTGCCTTCACTTTCAATGAAGAACATTTGTCTGGAAATAATTACGCTCAATACATTTCATTAGTAGCTGAGCATTACAATCTAAACGTCAAAACAAATACCAATGTTTCACGTGTAACATACATAGATGGTATATATCATGTATCAACGGACTATGGCGTGTATACAGCAGATTATATATTTATAGCAACCGGAGACTATTCATTCCCGCATCATCCCTTTTCATATGGACGTCATTATAGTGAGATTCGAGCGTTCACTCAATTAAACGGTGACGCCTTTACAATTATTGGA";"seq5";0;0;0;0;0;0;0;0;0;0;0;0;13;0;0;0;0;0;0;0;0;0;0;0;190;142;3;9;0;0;0;0;0;22;26;18;0;0;0;0;0;0;0;0;0;0;0;0;0
"46";"AGAATTCTATATTAAAGATGTTCTAATTGTGGAAAAGGGATCCATCGGTCATTCATTTAAACATTGGCCTCTATCAACAAAGACCATCACACCATCATTTACAACTAATGATTTTGGCATGCCAGATATGAATGCAATAGCTAAAGATACATCACCTGCCTTCACTTTCAATGAAGAACATTTATCTGGAAAACGTTATGCTGAATACCTCTCACTAGTAGCTACGCATTACAATCTAAATGTCAAAACAAATACCAATGTTTCACGTGTAACATACATAGATGGTATATATCATGTATCAACGGACTATGGCGTGTATACAGCAGATTATATATTTATAGCAACTGGAGACTATTCATTCCCATATCATCCTTTTGCATATAGACTTCATTACAGTGAAATTCAAACATTCACTCAATTAAAAGGTGATGCTTTTACAATCATGGGT";"seq40";0;0;0;0;0;0;48;89;0;32;0;0;0;0;0;0;0;0;0;0;0;0;0;0;68;83;0;0;0;0;0;0;0;0;0;0;0;0;0;0;0;11;0;0;0;0;0;33;82
"47";"AGAATTCAATATTAAAGATGTTCTAATTGTTGAAAAGGGAACCATCGGCCATTCATTTAAACATTGGCCTCTATCAACAAAGACCATCACACCATCATTTACAACTAATGGTTTTGGCATGCCAGATATGAATGCAATAGCTAAAGATACATCACCTGCCTTCACTTTCAATGAAGAACATTTATCTGGAAAACGTTATGCTGAATACCTCTCACTAGTAGCTACGCATTACAATCTAAATGTCAAAACAAACACCAATGTTTCACGTGTAACATACATAGATGGTGTATATCATGTATCAACGGACTATGGTGTTTATACCGCAGATTATATATTTATAGCAACTGGAGACTATTCATTCCCATATCATCCTTTTTCATATGGACGTCATTACAGTGAAATTCAAACATTCACTCAATTAAAAGGTGATGCTTTTACAATCATTGGT";NA;0;0;0;0;0;0;0;0;0;0;24;329;0;0;0;0;0;0;0;60;0;0;0;0;0;0;0;0;0;0;0;0;0;0;0;0;0;0;0;0;0;0;0;0;0;0;0;0;0
"48";"AGAATTCAATATTAAAGATGTTCTAATTGTTGAAAAGGGAACCATCGGTCATTCATTTAAACATTGGCCTCTATCAACAAAGACCATCACACCATCATTTACAACTAATGGTTTTGGCATGCCAGATATGAATGCAATAGCTAAAGATACATCACCTGCCTTCACTTTCAATGAAGAACATTTATCTGGAAAACGTTATGCTGAATACCTCTCACTAGTAGCTACGCATTACAATCTAAATGTCAAAACAAATACCAATGTTTCACGTGTAACATACATAGATGGTGTATATCATGTATCAACGGACTATGGTGTTTATACCGCAGATTATATATTTATAGCAACTGGAGACTATTCATTCCCATATCATCCTTTTGCATATGGACGTCATTACAGTGAAATTCAAACATTCACTCAATTAAAAGGTGATGCTTTTACAATCATGGGT";"seq20";0;0;0;24;0;0;0;0;42;22;0;0;35;73;0;0;0;0;0;0;0;0;0;0;16;19;0;0;0;0;0;0;0;0;0;0;0;0;0;0;0;0;97;81;0;0;0;0;0
"49";"AGAATTCAATATTAAAGATGTTCTAATCATTGAAAAGGGAACCATCGGTCATTCATTTAAACATTGGCCTCTATCAACAAAGACCATCACACCATCATTTACAACTAATGGTTTTGGCATGCCAGATATGAATGCAATAGCTAAAGATACATCACCTGCCTTCACTTTCAATGAAGAACATTTATCTGGAAAACGTTATGCTGAATACCTCTCACTAGTAGCTACGCATTACAATCTAAATGTCAAAACAAACACCAATGTTTCACGTGTAACATACATAGATGGTATATATCATGTATCAACGGACTATGGTGTTTATACCGCAGATTATATATTTATAGCAACTGGAGACTATTCATTCCCATATCATCCTTTTTCATATGGACTTCATTACAGTGAAATTCAAACATTCACTCAATTAAAAGGTGATGCTTTTACAATCATGGGT";"seq18";0;0;0;0;0;0;0;0;0;0;0;0;0;0;0;0;0;0;0;0;0;0;0;0;0;0;0;395;0;0;0;0;0;0;0;0;0;0;0;0;0;0;0;0;0;0;0;0;0
"50";"AGAATTCTGTATTAAAGATATTCTAATTGTGGAAAAGGGATCCATCGGCAATTCATTTAAACATTGGCCTATCTCAACCAAGACCATCACACCATCATTTACAACTAACGGTTTTGGTATGCCAGATATGAATGCTATAGCTAAAGATACTTCACCTGCTTTCACTTTCAATGAAGAACATTTGTCTGGAAATAATTACGCTCAATACATTTCATTAGTAGCTGAGCATTACAATCTAAACGTCAAAACAAATACCAATGTTTCACGTGTAACATACATAGATGGTATATATCATGTATCAACGGACTATGGCGTGTATACAGCAGATTATATATTTATAGCAACCGGAGACTATTCATTCCCGCATCATCCCTTTTCATACGGACGTCATTATAGTGAGATTCGAACGTTCACTCAATTAAACGGTGACGCCTTTACAATTATTGGA";"seq2";0;0;0;0;0;0;0;0;0;0;0;0;0;0;0;0;0;0;0;0;0;0;0;0;0;0;0;0;0;0;0;0;0;238;0;0;0;0;0;0;0;0;0;0;0;0;0;0;0
"51";"AGAATTCAATATTAAAGATGTTCTAATTGTTGAAAAGGGAACCATCGGTCATTCATTTAAACATTGGCCTCTATCAACAAAGACCCTCACACCATCATTTACAACTAATGGTTTTGGCATGCCAGATATGAATGCAATAGCTAAAGATACATCACCTGCCTTCACTTTCAATGAAGAACATTTATCTGGAAAACGTTATGCTGAATACCTCTCACTAGTAGCTACGCATTACAATCTAAATGTCAAAACAAATACCAATGTTTCACGTGTAACATACATAGATGGTGTATATCATGTATCAACGGACTATGGTGTTTATACCGCAGATTATATATTTATAGCAACTGGAGACTATTCATTCCCATATCATCCTTTTTCATATGGACGTCATTACAGTGAAATTCAAACATTCACTCAATTAAAAGGTGATGCTTTTACAATCATTGGT";"seq20";0;0;0;155;0;0;0;0;0;217;0;0;0;0;0;0;0;0;0;0;0;0;0;0;0;0;0;0;0;0;0;0;0;0;0;0;0;0;0;0;0;0;0;0;0;0;0;0;0
"52";"AGAATTCTGTATGAAAGATGTTCTAATTTTAGAAAAGGGATCCATCGGCAATTCATTTAAACATTTGCCTCTATCAACAAAGACCCTCACACCATCATTTACAACTAATGGTTTTGGCATGCCAGATATGAATGCAATAGCTAAAGATACATCACCTGCCTTCACTTTCAATGAAGAACATTTATCTGGAAAACGTTATGCTGAATACCTCTCACTAGTAGCTACGCATTACAATCTAAATGTCAAAACAAATACCAATGTTTCACGTGTAACATACATAGATGGTATATATCATGTATCAACGGACTATGGCGTGTATACAGCAGATTATATATTTATAGCAACTGGAGACTATTCATTCCCATATCATCCTTTTTCATATGGACTTCATTATAGTGAAATTCAAACATTCACTCAATTAAAAGGTGATGCTTTTACAATCATTGGT";"seq29";0;0;0;0;0;0;12;9;4;3;3;0;0;0;0;0;0;0;0;0;0;0;0;0;1;3;3;1;8;23;0;0;0;0;0;0;0;0;0;0;0;0;131;104;0;0;17;0;0
"53";"AGAATTCTGTATTAAAGATGTTCTAATTGTAGAAAAGGGATCCATCGGCAATTCATTTAAACATTGGCCTATCTCAACCAAGACCATCACACCATCATTTACAACTAATGGTTTTGGCATGCCAGATATGAATGCTATAGCTAAAGATACTTCACCTGCCTTCACTTTCAATGAAGAACATTTGTCTGGAAATAATTACGCTCAATACATTTCATTAGTAGCTGAGCATTACAATCTAAACGTCAAAACAAATACCAATGTTTCACGTGTAACATACATAGATGGTATATATCATGTATCAACGGACTATGGCGTGTATACAGCAGATTATATATTTATAGCAACCGGAGACTATTCATTCCCGCATCATCCCTTTGCATATGGACGTCATTATAGTGAGATTCGAGCGTTCACTCAATTAAACGGTGACGCCTTTACAATGATGGGA";NA;0;0;0;0;0;0;0;14;0;0;0;0;0;0;0;0;0;0;0;0;0;0;0;0;132;147;0;0;3;2;0;0;0;15;17;20;0;0;0;0;0;0;0;0;0;0;0;0;0
"54";"AGAATTCTGTATGAAAGATGTTCTAATTTTAGAAAAGGGATCCATCGGCAATTCATTTAAACATTTGCCTATCTCAACCAAGACCCTCACACCATCATTTACAACTAATGGTTTTGGCATGCCAGATATGAATGCTATAGCTAAAGATACTTCACCTGCCTTCACTTTCAATGAAGAACATTTGTCTGGAAATAATTACGCTCAATACATTTCATTAGTAGCTGAGCATTACAATCTAAACGTCAAAACAAATACCAATGTTTCACGTGTAACATACATAGATGGTATATATCATGTATCAACGGACTATGGCGTGTATACAGCAGATTATATATTTATAGCAACCGGAGACTATTCATTCCCGCATCATCCTTTTTCATATGGACGTCATTACAGTGAGATTCGAGCGTTCACTCAATTAAACGGTGACGCCTTTACAATTATTGGA";"seq3";0;0;0;0;0;0;0;0;0;0;0;0;0;0;0;0;0;0;0;0;0;0;0;0;0;0;64;90;0;0;0;0;0;0;97;95;0;0;0;0;0;0;0;0;0;0;0;0;0
"55";"AGAATTCAATATTAAAGATGTTCTAATTGTTGAAAAGGGAACCATCGGTCATTCATTTAAACATTTGCCTCTATCAACAAAGACCCTCACACCATCATTTACAACTAATGGTTTTGGCATGCCAGATATGAATGCAATAGCTAAAGATACATCACCTGCCTTCACTTTCAATGAAGAACATTTATCTGGAAAACGTTATGCTGAATACCTCTCACTAGTAGCTACGCATTACAATCTAAATGTCAAAACAAATACCAATGTTTCACGTGTAACATACATAGATGGTATATATCATGTATCAACGGACTATGGCGTGTATACAGCAGATTATATATTTATAGCAACTGGAGACTATTCATTCCCATATCATCCTTTTTCATATGGACTTCATTACAGTGAAATTCAAACATTCACTCAATTAAAAGGTGATGCTTTTACAATCATTGGT";NA;0;0;0;0;0;0;0;0;0;0;0;0;0;2;0;0;0;0;0;0;191;152;0;0;0;0;0;0;0;0;0;0;0;0;0;0;0;0;0;0;0;0;0;0;0;0;0;0;0
"56";"AGAATTCAATATTAAAGATGTTCTAATTGTTGAAAAGGGAACCATCGGTCATTCATTTAAACATTGGCCTCTATCAACAAAGACCATCACACCATCATTTACAACTAATGGTTTTGGCATGCCAGATATGAATGCAATAGCTAAAGATACATCACCTGCCTTCACTTTCAATGAAGAACATTTATCTGGAAAACGTTATGCTGAATACCTCTCACTAGTAGCTACGCATTACAATCTAAATGTCAAAACAAATACCAATGTTTCACGTGTAACATACATAGATGGTATATATCATGTATCAACGGACTATGGCGTGTATACAGCAGATTATATATTTATAGCAACTGGAGACTATTCATTCCCATATCATCCTTTTGCATATGGACTTCATTATAGTGAAATTCAAACATTCACTCAATTAAAAGGTGATGCTTTTACAATCATGGGT";"seq28";0;0;0;0;0;0;0;0;33;41;0;0;0;0;0;0;0;0;0;0;0;0;0;0;0;0;0;0;0;0;0;0;0;0;0;0;0;0;0;0;104;147;4;4;0;0;0;0;0
"57";"AGAATTCAATATGAAAGATGTTCTAATCATTGAAAAGGGAACCATCGGTCATTCATTTAAACATTTGCCTCTATCAACAAAGACCCTCACACCATCATTTACAACTAATGGTTTTGGCATGCCAGATATGAATGCAATAGCTAAAGATACATCACCTGCCTTCACTTTCAATGAAGAACATTTATCTGGAAAACGTTATGCTGAATACCTCTCACTAGTAGCTACGCATTACAATCTAAATGTCAAAACAAACACCAATGTTTCACGTGTAACATACATAGATGGTGTATATCATGTATCAACGGACTATGGTGTTTATACCGCAGATTATATATTTATAGCAACTGGAGACTATTCATTCCCATATCATCCTTTTTCATATGGACGTCATTACAGTGAAATTCAAACATTCACTCAATTAAAAGGTGATGCTTTTACAATCATTGGT";"seq22";0;0;0;0;0;0;0;0;0;1;0;0;0;0;0;0;0;0;106;202;0;0;0;0;0;0;0;0;3;1;0;0;0;0;0;0;0;0;0;0;0;0;0;0;0;0;0;0;0
"58";"AGAATTCAATATTAAAGATGTTCTAATTGTTGAAAAGGGAACCATCGGTCATTCATTTAAACATTTGCCTCTATCAACAAAGACCCTCACACCATCATTTACAACTAATGGTTTTGGCATGCCAGATATGAATGCAATAGCTAAAGATACATCACCTGCCTTCACTTTCAATGAAGAACATTTATCTGGAAAACGTTATGCTGAATACCTCTCACTAGTAGCTACGCATTACAATCTAAATGTCAAAACAAATACCAATGTTTCACGTGTAACATACATAGATGGTATATATCATGTATCAACGGACTATGGCGTGTATACAGCAGATTATATATTTATAGCAACTGGAGACTATTCATTCCCATATCATCCTTTTTCATATGGACTTCATTATAGTGAAATTCAAACATTCACTCAATTAAAAGGTGATGCTTTTACAATCATTGGT";"seq28";0;0;0;0;0;0;0;0;0;0;0;0;0;6;0;0;0;0;0;0;0;0;0;0;0;0;0;0;0;0;0;0;0;0;0;0;0;0;0;0;130;162;2;0;0;0;0;0;0
"59";"AGAATTCTGTATTAAAGATGTTCTAATTGTAGAAAAGGGATCCATCGGCAATTCATTTAAACATTTGCCTCTATCAACAAAGACCCTCACACCATCATTTACAACTAATGGTTTTGGCATGCCAGATATGAATGCAATAGCTAAAGATACATCACCTGCCTTCACTTTCAATGAAGAACATTTATCTGGAAAACGTTATGCTGAATACCTCTCACTAGTAGCTACGCATTACAATCTAAATGTCAAAACAAATACCAATGTTTCACGTGTAACATACATAGATGGTATATATCATGTATCAACGGACTATGGCGTGTATACAGCAGATTATATATTTATAGCAACTGGAGACTATTCATTCCCATATCATCCTTTTTCATATGGACTTCATTACAGTGAAATTCAAACATTCACTCAATTAAAAGGTGATGCTTTTACAATCATTGGT";NA;0;0;0;0;0;0;0;0;0;53;0;0;0;0;0;0;0;0;0;0;0;0;0;0;0;0;0;118;47;0;0;0;0;0;0;0;0;0;0;0;0;0;0;0;0;0;70;0;0
"60";"AGAATTCTGTATTAAAGATGTTCTAATTGTAGAAAAGGGATCCATCGGCAATTCATTTAAACATTGGCCTATCTCAACCAAGACCATCACACCATCATTTACAACTAATGGTTTTGGCATGCCAGATATGAATGCTATAGCTAAAGATACTTCACCTGCCTTCACTTTCAATGAAGAACATTTGTCTGGAAATAATTACGCTCAATACATTTCATTAGTAGCTGAGCATTACAATCTAAACGTCAAAACAAATACCAATGTTTCACGTGTAACATACATAGATGGTATATATCATGTATCAACGGACTATGGCGTGTATACAGCAGATTATATATTTATAGCAACCGGAGACTATTCATTCCCGCATCATCCTTTTGCATATGGACGTCATTACAGTGAGATTCGAGCGTTCACTCAATTAAACGGTGACGCCTTTACAATGATGGGA";"seq3";0;0;0;0;0;0;0;0;0;0;0;0;0;0;0;0;0;0;0;0;0;0;0;0;0;0;53;78;0;0;0;0;0;0;62;75;0;0;0;0;0;0;0;0;0;0;0;0;0
"61";"AGAATTCTATATTAAAGATGTTCTAATTTTGGAAAAGGGATCCATCGGTCATTCATTTAAACATTTGCCTCTATCAACAAAGACCATCACACCATCATTTACAACTAATGATTTTGGCATGCCAGATATGAATGCAATAGCTAAAGATACATCACCTGCCTTCACTTTCAATGAAGAACATTTATCTGGAAAACGTTATGCTGAATACCTCTCACTAGTAGCTACGCATTACAATCTAAATGTCAAAACAAATACCAATGTTTCACGTGTAACATACATAGATGGTATATATCATGTATCAACGGACTATGGCGTGTATACAGCAGATTATATATTTATAGCAACCGGAGACTATTCATTCCCGCATCATCCCTTTTCATATGGACGTCATTATAGTGAGATTCGAACGTTCACTCAATTAAACGGTGACGCCTTTACAATTATTGGA";"seq14";0;0;0;0;0;0;6;0;0;0;0;0;0;0;0;0;109;141;0;0;0;0;0;0;0;0;0;0;0;0;0;0;0;0;0;0;0;0;0;0;0;0;0;0;0;0;0;0;0
"62";"AGAATTCAATATTAAAGATGTTCTAATTGTTGAAAAGGGAACCATCGGTCATTCATTTAAACATTGGCCTCTATCAACAAAGACCATCACACCATCATTTACAACTAATGGTTTTGGCATGCCAGATATGAATGCAATAGCTAAAGATACATCACCTGCCTTCACTTTCAATGAAGAACATTTATCTGGAAAACGTTATGCTGAATACCTCTCACTAGTAGCTACGCATTACAATCTAAATGTCAAAACAAACACCAATGTTTCACGTGTAACATACATAGATGGTGTATATCATGTATCAACGGACTATGGTGTATATACCGCAGATTATATATTTATAGCAACTGGAGACTATTCATTCCCATATCATCCTTTTTCATATGGACGTCATTACAGTGAAATTCAAACATTCACTCAATTAAAAGGTGATGCTTTTACAATCATTGGT";"seq26";0;0;0;0;0;0;37;3;0;0;0;122;0;0;0;0;0;0;0;77;0;0;0;0;0;0;0;0;0;0;0;0;0;0;0;0;0;0;0;0;0;0;0;0;0;0;0;0;0
"63";"AGAATTCAATATTAAAGATGTTCTAATTATTGAAAAAGGAACCATCGGTCATTTATTTAAACATTGGCCTCTATCAACAAAGACCATCACACCATCATTTACAACTAATGGTTTTGGCATGCCAGATATGAATGCAATAGCTAAAGATACATCACCTGCCTTCACTTTCAATGAAGAACATTTATCTGGAAAACGTTATGCTGAATACCTCTCACTAGTAGCTACGCATTACAATCTAAATGTCAAAACAAACACCAATGTTTCACGTGTAACATACATAGATGGTGTATATCATGTATCAACGGCCTATGGTGTATATACCGCAGATTATATATTTATAGCAACTGGAGACTATTCATTCCCATATCATCCTTTTTCATATGGACGTCATTACAGTGAAATTCAAACATTCACTCAATTAAAAGGTGATGCTTTTACAATCATTGGT";NA;0;0;0;0;0;0;0;0;0;0;0;0;0;0;0;0;0;0;0;0;0;0;0;241;0;0;0;0;0;0;0;0;0;0;0;0;0;0;0;0;0;0;0;0;0;0;0;0;0
"64";"AGAATTCTGTATTAAAGATGTTCTAATTGTAGAAAAGGGATCCATCGGCAATTCATTTAAACATTGGCCTATCTCAACCAAGACCATCACACCATCATTTACAACTAATGGTTTTGGCATGCCAGATATGAATGCTATAGCTAAAGATACTTCACCTGCCTTCACTTTCAATGAAGAACATTTGTCTGGAAATAATTACGCTCAATACATTTCATTAGTAGCTGAGCATTACAATCTAAACGTCAAAACAAATACCAATGTTTCACGTGTAACATACATAGATGGTATATATCATGTATCAACGGACTATGGCGTGTATACAGCAGATTATATATTTATAGCAACCGGAGACTATTCATTCCCGCATCATCCTTTTTCATATGGACGTCATTACAGTGAGATTCGAGCGTTCACTCAATTAAACGGTGACGCCTTTACAATTATGGGA";"seq3";0;0;0;0;0;0;0;0;0;0;0;0;0;0;0;0;0;0;0;0;0;0;0;0;0;0;0;0;0;0;0;0;0;0;0;239;0;0;0;0;0;0;0;0;0;0;0;0;0
"65";"AGAATTCTGTATTAAAGATGTTCTAATTGTGGAAAAGGGATCCATCGGCAATTCATTTAAACATTGGCCTATCTCAACCAAGACCATCACACCATCATTTACAACTAATGGTTTTGGCATGCCAGATATGAATGCTATAGCTAAAGATACTTCACCTGCTTTCACTTTCAATGAAGAACATTTGTCTGGAAATAATTACGCTCAATACATTTCATTAGTAGCTGAGCATTACAATCTAAACGTCAAAACAAATACCAATGTTTCACGTGTAACATACATAGATGGTATATATCATGTATCAACGGACTATGGCGTGTATACAGCAGATTATATATTTATAGCAACCGTAGACTATTCATTCCCGCATCATCCCTTTTCATATGGACGTCATTATAGTGAGATTCGAGCGTTCACTCAATTAAACGGTGACGCCTTTACAATTATTGGA";"seq2";0;27;0;42;0;0;0;0;0;0;0;0;0;0;0;0;0;0;0;0;0;0;0;0;0;0;0;0;0;0;0;0;0;0;0;0;0;0;0;0;0;0;0;0;0;0;0;0;0
"66";"AGAATTCAATATTAAAGATGTTCTAATTGTTGAAAAGGGAACCATCGGTCATTCATTTAAACATTGGCCTCTATCAACAAAGACCATCACACCATCATTTACAACTAATGGTTTTGGCATGCCAGATATGAATGCAATAGCTAAAGATACATCACCTGCCTTCACTTTCAATGAAGAACATTTATCTGGAAAACGTTATGCTGAATACCTCTCACTAGTAGCTACGCATTACAATCTAAATGTCAAAACAAATACCAATGTTTCACGTGTAACATACATAGATGGTATATATCATGTATCAACGGACTATGGCGTGTATACAGCAGATTATATATTTATAGCAACTGGAGACTATTCATTCCCATATCATCCTTTTTCATATGGACTTCATTATAGTGAAATTCAAACATTCACTCAATTAAAAGGTGATGCTTTTACAATCATGGGT";"seq28";0;0;0;0;0;0;0;0;0;0;0;0;0;0;0;0;0;0;0;0;0;0;0;0;0;0;0;0;0;0;0;0;0;0;0;0;0;0;0;0;231;0;0;0;0;0;0;0;0
"67";"AGAATTCTATATTAAAGATGTTCTAATTGTGGAAAAGGGATCCATCGGTCATTCATTTAAACATTGGCCTCTATCAACAAAGACCATCACACCATCATTTACAACTAATGATTTTGGCATGCCAGATATGAATGCAATAGCTAAAGATACATCACCTGCCTTCACTTTCAATGAAGAACATTTATCTGGAAAACGTTATGCTGAATACCTCTCACTAGTAGCTACGCATTACAATCTAAATGTCAAAACAAATACCAATGTTTAACGTGTAACATACATAGATGGTATATATCATGTATCAACGGACTATGGCGTGTATACAGCAGATTATATATTTATAGCAACTGGAGACTATTCATTCCCATATCATCCTTTTTCATATAGACTTCATTACAGTGAAATTCAAACATTCACTCAATTAAAAGGTGATGCTTTTACAATCATTGGT";"seq40";0;0;0;0;0;0;0;0;0;0;0;0;0;0;0;0;0;0;0;0;0;0;0;0;0;0;0;0;0;0;0;0;0;0;0;0;0;0;0;0;0;0;0;0;0;178;0;52;0
"68";"AGAATTCTGTATTAAAGATGTTCTAATTTTAGAAAAGGGATCCATCGGCAATTCATTTAAACATTTGCCTATCTCAACCAAGACCATCACACCATCATTTACAACTAATGGTTTTGGCATGCCAGATATGAATGCTATAGCTAAAGATACTTCACCTGCCTTCACTTTCAATGAAGAACATTTGTCTGGAAATAATTACGCTCAATACATTTCATTAGTAGCTGATCATTACAATCTAAACGTCAAAACAAATACCAATGTTTCACGTGTAACATACATAGATGGTATATATCATGTATCAACGGACTATGGCGTGTATACAGCAGATTATATATTTATAGCAACCGGAGACTATTCATTCCCGCATCATCCCTTTTCATATGGACGTCATTATAGTGAGATTCGAGCGTTCACTCAATTAAACGGTGACGCCTTTACAATTATTGGA";"seq6";0;0;0;0;0;0;0;0;0;0;0;0;0;0;0;0;0;0;0;0;0;0;0;0;0;0;0;0;0;0;0;0;0;0;0;0;0;0;98;128;0;0;0;0;0;0;0;0;0
"69";"AGAATTCAATATTAAAGATGTTCTAATTATTGAAAAGGGAACCATCGGTCATTCATTTAAACATTGGCCTCTATCAACAAAGACCATCACACCATCATTTACAACTAATGGTTTTGGCATGCCAGATATGAATGCAATAGCTAAAGATACATCACCTGCCTTCACTTTCAATGAAGAACATTTATCTGGAAAACGTTATGCTGAATACCTCTCACTAGTAGCTACGCATTACAATCTAAATGTCAAAACAAACACCAATGTTTCACGTGTAACATACATAGATGGTATATATCATGTATCAACGGACTATGGTGTTTATACCGCAGATTATATATTTATAGCAACTGGAGACTATTCATTCCCATATCATCCTTTTTCATATGGACTTCATTACAGTGAAATTCAAACATTCACTCAATTAAAAGGTGATGCTTTTACAATCATTGGT";"seq17";0;0;0;0;1;0;0;23;64;55;0;0;0;0;0;0;0;0;0;0;0;0;0;0;0;0;0;0;0;0;0;0;0;0;0;0;0;0;0;0;18;25;0;0;0;0;18;0;0
"70";"AGAATTCTGTATTAAAGATGTTCTAATTGTAGAAAAGGGATCCATCGGCAATTCATTTAAACATTGGCCTCTATCAACAAAGACCATCACACCATCATTTACAACTAATGGTTTTGGCATGCCAGATATGAATGCAATAGCTAAAGATACATCACCTGGCTTCACTTTCAATGAAGAACATTTATCTGGAAAACGTTATGCTGAATACCTCTCACTAGTAGCTACGCATTACAATCTAAATGTCAAAACAAATACCAATGTTTCACGTGTAACATACATAGATGGTATATATCATGTATCAACGGACTATGGCGTGTATACAGCAGATTATATATTTATAGCAACTGGAGACTATTCATTCCCATATCATCCTTTTTCATATGGACTTCATTACAGTGAAATTCAAACATTCACTCAATTAAAAGGTGATGCTTTTACAATCATTGGT";NA;0;0;0;0;0;0;0;0;0;0;0;0;0;0;0;0;0;0;0;0;0;0;0;0;0;0;0;0;0;0;0;0;0;0;0;0;0;0;0;0;0;0;0;0;0;0;0;0;0
"71";"AGAATTCTATATGAAAGATGTTCTAATTTTGGAAAAGGGATCCATCGGTCATTCATTTAAACATTTGCCTCTATCAACAAAGACCCTCACACCATCATTTACAACTAATGATTTTGGCATGCCAGATATGAATGCAATAGCTAAAGATACATCACCTGCCTTCACTTTCAATGAAGAACATTTATCTGGAAAACGTTATGCTGAATACCTCTCACTAGTAGCTACGCATTACAATCTAAATGTCAAAACAAATACCAATGTTTCACGTGTAACATACATAGATGGTATATATCATGTATCAACGGACTATGGCGTGTATACAGCAGATTATATATTTATAGCAACCGGAGACTATTCATTCCCGCATCATCCCTTTTCATATGGACGTCATTATAGTGAGATTCGAACGTTCACTCAATTAAACGGTGACGCCTTTACAATTATTGGA";NA;0;0;0;0;0;0;0;17;0;0;0;0;22;39;0;0;48;61;0;0;0;0;0;0;0;0;0;0;0;0;0;0;0;0;0;0;0;0;0;0;0;0;0;0;0;0;0;0;0
"72";"AGAATTCTATATTAAAGATGTTCTAATTGTGGAAAAGGGATCCATCGGTCATTCATTTAAACATTTGCCTCTATCAACAAAGACCCTCACACCATCATTTACAACTAATGATTTTGGCATGCCAGATATGAATGCAATAGCTAAAGATACATCACCTGCCTTCACTTTCAATGAAGAACATTTATCTGGAAAACGTTATGCTGAATACCTCTCACTAGTAGCTACGCATTACAATCTAAATGTCAAAACAAATACCAATGTTTCACGTGTAACATACATAGATGGTATATATCATGTATCAACGGACTATGGCGTGTATACAGCAGATTATATATTTATAGCAACTGGAGACTATTCATTCCCATATCATCCTTTTTCATATAGACTTCATTACAGTGAAATTCAAACATTCACTCAATTAAAAGGTGATGCTTTTACAATCATTGGT";"seq40";0;0;0;0;0;0;0;0;0;0;0;0;0;0;0;0;0;0;0;0;0;0;0;0;0;79;0;0;0;0;0;0;0;0;0;0;0;0;0;0;0;0;0;0;0;0;0;0;96
"73";"AGAATTCTGTATTAAAGATGTTCTAATTGTAGAAAAGGGATCCATCGGCAATTCATTTAAACATTGGCCTCTATCAACAAAGACCATCACACCATCATTTACAACTAATGGTTTTGGCATGCCAGATATGAATGCAATAGCTAAAGATACATCACCTGCCTTCACTTTCAATGAAGAACATTTATCTGGAAAACGTTATGCTGAATACCTCTCACTAGTAGCTACGCATTACAATCTAAATGTCAAAACAAATACCAATGTTTCACGTGTAACATACATAGATGGTATATATCATGTATCAACGGACTATGGCGTGTATACAGCAGATTATATATTTATAGCAACTGGAGACTATTCATTCCCATATCATCCTTTTGCATATGGACTTCATTATAGTGAAATTCAAACATTCACTCAATTAAAAGGTGATGCTTTTACAATCATGGGT";"seq29";0;0;0;0;0;0;0;0;3;3;0;0;0;0;0;0;0;0;0;0;0;0;0;0;0;0;0;0;0;0;0;0;0;0;0;0;0;0;0;0;2;0;92;72;0;0;0;0;0
"74";"AGAATTCTGTATTAAAGATGTTCTAATTGTAGAAAAGGGATCCATCGGCAATTCATTTAAACATTGTCCTCTATCAACAAAGACCATCACACCATCATTTACAACTAATGGTTTTGGCATGCCAGATATGAATGCAATAGCTAAAGATACATCACCTGCCTTCACTTTCAATGAAGAACATTTATCTGGAAAACGTTATGCTGAATACCTCTCACTAGTAGCTACGCATTACAATCTAAATGTCAAAACAAATACCAATGTTTCACGTGTAACATACATAGATGGTATATATCATGTATCAACGGACTATGGCGTGTATACAGCAGATTATATATTTATAGCAACTGGAGACTATTCATTCCCATATCATCCTTTTTCATATGGACTTCATTACAGTGAAATTCAAACATTCACTCAATTAAAAGGTGATGCTTTTACAATCATTGGT";NA;0;0;0;0;0;0;73;0;0;0;0;0;0;0;0;0;0;0;0;0;0;0;0;0;0;0;0;0;0;0;0;0;0;0;0;0;0;0;0;0;0;0;0;0;0;0;0;0;0
"75";"AGAATTCAATATTAAAGATGTTCTAATTGTTGAAAAGGGAACCATCGGTCATTCATTTAAACATTTGCCTCTATCAACAAAGACCCTCACACCATCATTTACAACTAATGGTTTTGGCATGCCAGATATGAATGCAATAGCTAAAGATACATCACCTGCCTTCACTTTCAATGAAGAACATTTATCTGGAAAACGTTATGCTGAATACCTCTCACTAGTAGCTACGCATTACAATCTAAATGTCAAAACAAATACCAATGTTTCACGTGTAACATACATAGATGGTGTATATCATGTATCAACGGACTATGGTGTTTATACCGCAGATTATATATTTATAGCAACTGGAGACTATTCATTCCCATATCATCCTTTTTCATATGGACGTCATTACAGTGAAATTCAAACATTCACTCAATTAAAAGGTGATGCTTTTACAATCATTGGT";"seq20";0;0;0;0;0;0;0;0;0;0;0;0;0;73;0;0;0;0;0;0;0;0;0;0;0;0;0;0;0;0;0;0;0;0;0;0;0;0;0;0;1;0;96;0;0;0;0;0;0
"76";"AGAATTCAATATTAAAGATGTTCTAATCATTGAAAAGGGAACCATCGGTCATTCATTTAAACATTGGCCTCTATCAACAAAGACCATCACACCATCATTTACAACTAATGGTTTTGGCATGCCAGATATGAATGCAATAGCTAAAGATACATCACCTGCCTTCACTTTCAATGAAGAACATTTATCTGGAAAACGTTATGCTGAATACCTCTCACTAGTAGCTACGCATTACAATCTAAATGTCAAAACAAACACCAATGTTTCACGTGTAACATACATAGATGGTGTATATCATGTATCAACGGACTATGGTGTTTATACCGCAGATTATATATTTATAGCAACTGGAGACTATTCATTCCCATATCATCCTTTTGCATATGGACGTCATTACAGTGAAATTCAAACATTCACTCAATTAAAAGGTGATGCTTTTACAATCATGGGT";"seq22";0;0;0;0;0;0;0;0;0;0;0;0;0;0;0;0;0;0;67;99;0;0;0;0;0;0;0;0;0;0;0;0;0;0;0;0;0;0;0;0;0;0;0;0;0;0;0;0;0
"77";"AGAATTCAATATGAAAGATGTTCTAATTATTGAAAAGGGAACCATCGGTCATTCATTTAAACATTTGCCTCTATCAACAAAGACCCTCACACCATCATTTACAACTAATGGTTTTGGCATGCCAGATATGAATGCAATAGCTAAAGATACATCACCTGCCTTCACTTTCAATGAAGAACATTTATCTGGAAAACGTTATGCTGAATACCTCTCACTAGTAGCTACGCATTACAATCTAAATGTCAAAACAAACACCAATGTTTCACGTGTAACATACATAGATGGTGTATATCATGTATCAACGGACTATGGTGTTTATACCGCAGATTATATATTTATAGCAACTGGAGACTATTCATTCCCATATCATCCTTTTTCATATGGACGTCATTACAGTGAAATTCAAACATTCACTCAATTAAAAGGTGATGCATTTACAATCATTGGT";"seq24";0;0;0;0;0;0;0;0;0;0;0;0;0;0;0;0;0;0;0;0;0;0;0;0;0;0;0;0;0;0;0;0;0;0;0;0;0;0;0;0;88;72;0;0;0;0;0;0;0
"78";"AGAATTCAATATTAAAGATGTTCTAATTGTTGAAAAGGGAACCATTGGTCATTCATTTAAACATTGGCCTCTATCAACAAAGACCATCACACCATCATTTACAACTAATGGTTTCGGCATGCCAGATATGAATGCAATAGCTAAAGATACATCACCTGCCTTCACTTTCAATGAAGAACATTTATCTGGAAAACGTTATGCTGAATACCTCTCACTAGTAGCTACGCATTACAATCTAAATGTCAAAACAAACACCAATGTTTCACGTGTAACATACATAGATGGTGTATATCATGTATCAACGGACTATGGTGTTTATACCGCAGATTATATATTTATAGCAACTGGAGACTATTCATTCCCATATCATCCTTTTTCATATGGACGTCATTACAGTGAAATTCAAACATTCACTCAATTAAAAGGTGATGCTTTTACAATCATTGGT";"seq23";0;0;0;0;0;0;0;0;0;0;0;0;0;0;36;90;0;0;0;0;0;0;25;0;0;0;0;0;0;0;0;0;0;0;0;0;0;0;0;0;0;0;0;0;0;0;0;0;0
"79";"AGAATTCTGTATTAAAGATGTTCTAATTGTAGAAAAGGGATCCATCGGCAATTCATTTAAACATTGGCCTCTATCAACAAAGACCATCACACCATCATTTACAACTAATGGTTTTGGCATGCCAGATATGAATGCAATAGCTAAAGATACATCACCTGCCTTCACTTTCAATGAAGAACATTTATCTGGAAAACGTTATGCTAAATACCTCTCACTAGTAGCTACGCATTACAATCTAAATGTCAAAACAAATACCAATGTTTCACGTGTAACATACATAGATGGTATATATCATGTATCAACGGACTATGGCGTGTATACAGCAGATTATATATTTATAGCAACTGGAGACTATTCATTCCCATATCATCCTTTTTCATATGGACTTCATTACAGTGAAATTCAAACATTCACTCAATTAAAAGGTGATGCTTTTACAATCATTGGT";"seq33";0;0;0;0;0;0;0;0;0;0;0;0;0;0;0;0;0;0;0;0;0;0;0;0;0;0;0;0;0;0;0;0;147;0;0;0;0;0;0;0;0;0;0;0;0;0;0;0;0
"80";"AGAATTCAATATTAAAGATGTTCTAATTGTTGAAAAGGGAACCATCGGTCATTTATTTAAACATTGGCCTCTATCAACAAAGACCATCACACCATCATTTACAACTAATGGTTTTGGCATGCCAGATATGAATGCAATAGCTAAAGATACATCACCTGCCTTCACTTTCAATGAAGAACATTTATCTGGAAAACGTTATGCTGAATACCTCTCACTAGTAGCTACGCATTACAATCTAAATGTCAAAACAAATACCAATGTTTCACGTGTAACATACATAGATGGTATATATCATGTATCAACGGACTATGGCGTGTATACAGCAGATTATATATTTATAGCAACTGGAGACTATTCATTCCCATATCATCCTTTTTCATATGGACTTCATTACAGTGAAATTCAAACATTCACTCAATTAAAAGGTGATGCTTTTACAATCATTGGT";NA;0;0;0;0;0;0;0;0;0;0;0;0;0;0;0;0;0;0;0;0;0;0;0;0;0;0;0;0;0;0;0;0;0;134;0;0;0;0;0;0;0;0;0;0;0;0;0;0;0
"81";"AGAATTCTATATTAAAGATGTTCTAATTGTGGAAAAGAGATCCATCGGTCATTCATTTAAACATTGGCCTCTATCAACAAAGACCATCACACCATCATTTACAACTAATGATTTTGGCATGCCAGATATGAATGCAATAGCTAAAGATACATCACCTGCCTTCACTTTCAATGAAGAACATTTATCTGGAAAACGTTATGCTGAATACCTCTCACTAGTAGCTACGCATTACAATCTAAATGTCAAAACAAATACCAATGTTTCACGTGTAACATACATAGATGGTATATATCATGTATCAACGGACTATGGCGTGTATACAGCAGATTATATATTTATAGCAACTGGAGACTATTCATTCCCATATCATCCTTTTTCATATAGACTTCATTACAGTGAAATTCAAACATTCACTCAATTAAAAGGTGATGCTTTTACAATCATTGGT";"seq40";0;0;0;0;0;0;0;0;0;0;0;0;0;0;0;0;0;0;0;0;132;0;0;0;0;0;0;0;0;0;0;0;0;0;0;0;0;0;0;0;0;0;0;0;0;0;0;0;0
"82";"AGAATTCAATATTAAAGATGTTCTAATTGTTGAAAAGGGAACCATCGGTCATTCATTTAAACATTGGCCTCTATCAACAAAGACCATCACACCATCATTTACAACTAATGGTTTTGGCATGCCAGATATGAATGCAATAGCTAAAGATACATCACCTGCCTTCACTTTCAATGAAGAACATTTATCTGGAAAACGTTATGCTGAATACCTCTCACTAGTAGCTACGCATTACAATCTAAATGTCAAAACAAATACCAATGTTTCACGTGTAACATACATAGATGGTATATATCATGTATCAACGGACTATGGCGTGTATACAGCAGATTATATATTTATAGCAACTGGAGACTATTCATTCCCATATCATCCTTTTTCATATGGACTTCATTACAGTGAAATTCAAACATTAACTCAATTAAAAGGTGATGCTTTTACAATCATTGGT";NA;0;0;0;0;0;0;0;0;0;0;0;0;0;0;0;0;0;0;0;0;0;132;0;0;0;0;0;0;0;0;0;0;0;0;0;0;0;0;0;0;0;0;0;0;0;0;0;0;0
"83";"AGAATTCTATATTAAAGATGTTCTAATTGTGGAAAAGGGATCCATCGGTAATTCATTTAAACATTGGCCTATCTCAACCAAGACTATCACACCATCATTTACAACTAATGGTTTTGGCATGCCAGATATGAATGCTATAGCTAAAGATACTTCACCTGCCTTCACTTTCAATGAAGAACATTTGTCTGGAAATAATTACGCTCAATACATTTCATTAGTAGCTGAGCATTACAATCTAAATGTCAAAACAAATACCAATGTTTCACGTGTAACATACATAGATGGTATATATCATGTATCAACGGACTATGGTGTTTATACCGCAGATTATATATTTATAGCAACTGGAGACTATTCATTCCCATATCATCCTTTTTCATATGGACGTCATTACAGTGAGATTCGAGCGTTCACTCAATTAAACGGTGACGCCTTTACAATTATTGGA";"seq1";0;124;0;0;0;0;0;0;0;0;0;0;0;0;0;0;0;0;0;0;0;0;0;0;0;0;0;0;0;0;0;0;0;0;0;0;0;0;0;0;0;0;0;0;0;0;0;0;0
"84";"AGAATTATGTATTAAAGATGTTCTAATTGTAGAAAATGGATCCATCGGCCATTCATTTAAACATTGGCCTATCTCAACCAAGACCCTCACACCATCATTTACAAATAATGGTTTTGGCATGCCAGATATGAATGCTATAGCTAAAGATACTTCACCTGCCTTCACTTTCAATGAAGAACATTTGTCTGGAAATAATTACGCTCAATACATTTCATTAGTAGCTGAGCATTACAATCTAAACGTCAAAACAAATACCAATGTTTCACGTGTAACATACATAGATGGTATATATCATGTATCAACGGACTATGGCGTGTATACAGCAGATTATATATTTATAGCAACCGGAGACTATTCATTCCCGCATCATCCCTTTTCATATGGACGTCATTATAGTGAGATTCGAGCGTTCACTCAATTAAACGGTGACGCCTTTACAATTATTGGA";NA;0;0;0;0;0;0;0;0;0;0;0;0;0;0;0;0;0;0;0;0;0;0;0;0;39;71;0;0;0;0;0;0;0;0;0;13;0;0;0;0;0;0;0;0;0;0;0;0;0
"85";"AGAATTCTGTATTAAAGATGTTCTAATTGTAGAAAAGGGATCCATCGGCAATTCATTTAAACATTGGCCTCTATCAACAAAGACCATCACACCATCATTTACAACTAATGGTTTTGGCATGCCAGATATGAATGCAATAGCTAAAGATACATCACCTGCCTTCACTTTCAATGAAGAACATTTATCTGGAAAACGTTATGCTGAATACCTCTCACTAGTAGCTACGCATTACAATCTAAATGTCAAAACAAATACCAATGTTTCACGTGTAACATACATAGATGGTATATATCATGTATCAACGGACTATGGCGTGTATACAGCAGATTATATATTTATAGCAACTGGAGACTATTCATTCCCATATCATCCTTTTTCATATGGACTTCATTACAGTTAAATTCAAACATTCACTCAATTAAAAGGTGATGCTTTTACAATCATTGGT";NA;0;0;0;0;0;0;0;0;0;0;0;0;0;0;0;0;0;0;0;0;0;0;120;0;0;0;0;0;0;0;0;0;0;0;0;0;0;0;0;0;0;0;0;0;0;0;0;0;0
"86";"AGAATTATGTATTAAAGATGTTCTAATTGTAGAAAAGGGATCCATCGGCAATTCATTTAAACATTGGCCTATCTCAACCAAGACCCTCACACCATCATTTACAACTAATGGTTTTGGCATGCCAGATATGAATGCTATAGCTAAAGATACTTCACCTGCCTTCACTTTCAATGAAGAACATTTGTCTGGAAATAATTACGCTCAATACATTTCATTAGTAGCTGAGCATTACAATCTAAACGTCAAAACAAATACCAATGTTTCACGTGTAACATACATAGATGGTATATATCATGTATCAACGGACTATGGCGTGTATACAGCAGATTATATATTTATAGCAACCGGAGACTATTCATTCCCGCATCATCCCTTTTCATATGGACGTCATTATAGTGAGATTCGAGCGTTCACTCAATTAAACGGTGACGCCTTTACAATTATTGGA";NA;0;0;0;0;0;0;0;0;0;0;0;0;0;0;0;0;0;0;0;0;0;0;0;0;119;0;0;0;0;0;0;0;0;0;0;0;0;0;0;0;0;0;0;0;0;0;0;0;0
"87";"AGAATTCTGTATGAAAGATGTTCTAATTTTAGAAAAGGGATCCATCGGCAATTCATTTAAACATTTGACTATCTCAACCAAGACCCTCACACCATCATTTACAACTAATGGTTTTGGCATGCCAGATATGAATGCTATAGCTAAAGATACTTCACCTGCCTTCACTTTCAATGAAGAACATTTGTCTGGAAATAATTACGCTCAATACATTTCATTAGTAGCTGAGCATTACAATCTAAACGTCAAAACAAATACCAATGTTTCACGTGTAACATACATAGATGGTATATATCATGTATCAACGGACTATGGCGTGTATACAGCAGATTATATATTTATAGCAACCGGAGACTATTCATTCCCGCATCATCCCTTTTCATATGGACGTCATTATAGTGAGATTCGAGCGTTCACTCAATTAAACGGTGACGCCTTTACAATTATTGGA";NA;0;0;0;0;0;0;0;0;0;0;0;0;0;0;0;0;0;0;0;0;0;0;0;0;0;0;0;0;43;76;0;0;0;0;0;0;0;0;0;0;0;0;0;0;0;0;0;0;0
"88";"AGAATTCTGTATTAAAGATGTTCTAATTGTAGAAAAGGGATCCATCGGCAATTCATTTAAACATTTGCCTATCTCAACCAAGACCCTCACACCATCATTTACAACTAATGGTTTTGGCATGCCAGATATGAATGCTATAGCTAAAGATACTTCACCTGCCTTCACTTTCAATGAAGAACATTTGTCTGGAAATAATTACGCTCAATACATTTCATTAGTAGCTGAGCATTACAATCTAAACGTCAAAACAAATACCAATGTTTCACGTGTAACATACATAGATGGTATATATCATGTATCAACGGACTATGGCGTGTATACAGCAGATTATATATTTATAGCAACCGGAGACTATTCATTCCCGCATCATCCTTTTTCATATGGACGTCATTACAGTGAGATTCGAGCGTTCACTCAATTAAACGGTGACGCCTTTACAATTATTGGA";"seq3";0;0;0;0;0;0;0;0;0;0;0;0;0;0;0;0;0;0;0;0;0;0;0;0;0;0;0;0;0;0;0;0;0;0;0;112;0;0;0;0;0;0;0;0;0;0;0;0;0
"89";"AGAATTCTGTATGAAAGATGTTCTAATTTTAGAAAAGGGATCCATCGGCAATTCATTTAAACATTTGCCTATCTCAACCAAGACCCTCACACCATCATTTACAACTAATGGTTTTGGCATGCCAGATATGAATGCTATAGCTAAAGATACTTCACCTGCCTTCACTTTCAATGAAGAACATTTGTCTGGAAATAATTACGCTCAATACATTTCATTAGTAGCTGATCATTACAATCTAAACGTCAAAACAAATACCAATGTTTCACGTGTAACATACATAGATGGTATATATCATGTATCAACGGACTATGGCGTGTATACAGCAGATTATATATTTATAGCAACCGGAGACTATTCATTCCCGCATCATCCCTTTTCATATGGACGTCATTATAGTGAGATTCGAGCGTTCACTCAATTAAACGGTGACGCCTTTACAATTATTGGA";"seq6";0;0;0;0;0;0;0;0;0;0;0;0;0;0;0;0;0;0;0;0;0;0;0;0;0;0;0;0;0;0;0;0;0;0;0;0;0;0;50;51;0;0;0;0;0;0;0;0;0
"90";"AGAATTCAATATTAAAGATGTTCTAATTGTTGAAAAGGGAACCATCGGTCATTCATTTAAACATTGGCCTCTATCAACAAAGACCATCACACCATCATTTACAACTAATGGTTTTGGCATGCCAGATATGAATGCAATAACTAAAGATACATCACCTGCCTTCACTTTCAATGAAGAACATATATCTGGAAAACGTTATGCTGAATACCTCTCACTAGTAGCTACGCATTATAATCTAAATGTCAAAACAAACACCAATGTTTCACGTGTAACATACATAGATGGTGTATATCATGTATCAACGGACTATGGTGTATATACCGCAGATTATATATTTATAGCAACTGGAGACTATTCATTCCCATATCATCCTTTTTCATATGGACGTCATTACAGTGAAATTCAAACATTCACTCAATTAAAAGGTGATGCTTTTACAATCATTGGT";"seq16";0;0;0;0;0;0;0;0;0;0;0;0;0;0;0;0;0;0;0;0;0;0;0;0;0;0;0;0;0;0;0;0;0;0;0;0;0;0;0;0;0;0;0;0;0;0;0;0;0
"91";"AGAATTCAATATTAAAGATGTTCTAATTATTGAAAAGGGAACCATCGGTCATTCATTTAAACATTGGCCTCTATCAACAAAGACCATCACACCATCATTTACAACTAATGGTTTTGGCATGCCAGATATGAATGCAATAGCTAAAGATACATCACCTGCCTTCACTTTCAATGAAGAACATTTATCTGGAAAACGTTATGCTGAATACCTCTCACTAGTAGCTACGCATTACAATCTAAATGTCAAAACAAACACCAATGTTTCACGTGTAACATACATAGATGGTGTATATCATGTATCAACGGACTATGGTGTTTATACCGCAGATTATATATTTATAGCAACTGGAGACTATTCATTCCCATATCATCCTTTTGCATATGGACGTCATTACAGTGAAATTCAAACATTCACTCAATTAAAAGGTGATGCATTTACAATCATGGGT";"seq24";0;0;0;0;0;0;0;0;0;0;0;0;0;0;0;0;0;0;0;0;0;0;0;0;0;0;0;0;0;0;0;0;0;0;0;0;0;0;0;0;39;58;0;0;0;0;0;0;0
"92";"AGAATTCAATATTAAAGATGTTCTAATCATTGAAAAGGGAACCATCGGTCATTCATTTAAACATTTGCCTCTATCAACAAAGACCCTCACACCATCATTTACAACTAATGGTTTTGGCATGCCAGATATGAATGCAATAGCTAAAGATACATCACCTGCCTTCACTTTCAATGAAGAACATTTATCTGGAAAACGTTATGCTGAATACCTCTCACTAGTAGCTACGCATTACAATCTAAATGTCAAAACAAACACCAATGTTTCACGTGTAACATACATAGATGGTGTATATCATGTATCAACGGACTATGGTGTTTATACCGCAGATTATATATTTATAGCAACTGGAGACTATTCATTCCCATATCATCCTTTTTCATATGGACGTCATTACAGTGAAATTCAAACATTCACTCAATTAAAAGGTGATGCTTTTACAATCATTGGT";"seq22";0;0;0;0;0;0;0;0;0;0;0;0;0;0;0;0;0;0;94;0;0;0;0;0;0;0;0;0;0;0;0;0;0;0;0;0;0;0;0;0;0;0;0;0;0;0;0;0;0
"93";"AGAATTCAATATTAAAGATGTTCTAATTGTTGAAAAGGGAACCATCGGTCATTCATTTAAACATTGGCCTCTATTAACAAAGACCATCACACCATCATTTACAACTAATGGTTTTGGCATGCCAGATATGAATGCAATAGCTAAAGATACATCACCTGCCTTCACTTTCAATGAAGAACATTTATCTGGAAAACGTTATGCTGAATACCTCTCACTAGTAGCTACGCATTACAATCTAAATGTCAAAACAAATACCAATGTTTCACGTGTAACATACATAGATGGTGTATATCATGTATCAACGGACTATGGTGTTTATACCGCAGATTATATATTTATAGCAACTGGAGACTATTCATTCCCATATCATCCTTTTTCATATGGACGTCATTACAGTGAAATTCAAACATTCACTCAATTAAAAGGTGATGCTTTTACAATCATTGGT";"seq20";0;0;0;0;0;0;0;88;0;0;0;0;0;0;0;0;0;0;0;0;0;0;0;0;0;0;0;0;0;0;0;0;0;0;0;0;0;0;0;0;0;0;0;0;0;0;0;0;0
"94";"AGAATTCAATATTAAAGATGTTCTAATTGTTGAAAAGGGAACCATCGGTCATTCATTTAAACATTGGCCTCTATCAACAAAGACCATCACACCATCATTTACAACTAATGGTTTTGGCATGCCAGATATGAATGCAATAGCTAAAGATACATCACCTTCCTTCACTTTCAATGAAGAACATTTATCTGGAAAACGTTATGCTGAATACCTCTCACTAGTAGCTACGCATTACAATCTAAATGTCAAAACAAATACCAATGTTTCACGTGTAACATACATAGATGGTGTATATCATGTATCAACGGACTATGGTGTTTATACCGCAGATTATATATTTATAGCAACTGGAGACTATTCATTCCCATATCATCCTTTTTCATATGGACGTCATTACAGTGAAATTCAAACATTCACTCAATTAAAAGGTGATGCTTTTACAATCATTGGT";"seq20";0;0;0;0;0;0;0;0;0;0;0;0;0;88;0;0;0;0;0;0;0;0;0;0;0;0;0;0;0;0;0;0;0;0;0;0;0;0;0;0;0;0;0;0;0;0;0;0;0
"95";"AGAATTAAATATTAAAGATGTTCTAATCATTGAAAATGGAACCATCGGTCATTCATTTAAACATTGGCCTCTATCAACAAAGACCCTCACACCATCATTTACAAATAATGGTTTTGGCATGCCAGATATGAATGCAATAGCTAAAGATACATCACCTGCCTTCACTTTCAATGAAGAACATTTATCTGGAAAACGTTATGCTGAATACCTCTCACTAGTAGCTACGCATTACAATCTAAATGTCAAAACAAACACCAATGTTTCACGTGTAACATACATAGATGGTATATATCATGTATCAACGGACTATGGTGTTTATACCGCAGATTATATATTTATAGCAACTGGAGACTATTCATTCCCATATCATCCTTTTTCATATGGACTTCATTACAGTGAAATTCAAACATTCACTCAATTAAAAGGTGATGCTTTTACAATCATTGGT";"seq18";0;0;0;0;0;0;0;0;0;0;0;0;0;0;0;0;0;0;0;0;0;0;0;0;0;0;0;86;0;0;0;0;0;0;0;0;0;0;0;0;0;0;0;0;0;0;0;0;0
"96";"AGAATTCTATATTAAAGATGTTCTAATTGTGGAAAAGGGATCCATCGGTCATTCATTTAAACATTGGCCTCTATCAACAAAGACCATCACACCATCATTTACAACTAATGATTTTGGCATGCCAGATATGAATGCAATAGCTAAAGATACATCACCTGCCTTCACTTTCAATGAAGAACATTTATCTGGAAAACGTTATGCTGAATACCTCTCACTAGTAGCTACGCATTACAATCTAAATGTCAAAACAAATACCAATGTTTCACGTGTAACATACATAGATGGTATATATCATGTATCAACGGACTATGGCGTGTATACAGCAGATTATATATTTATAGCAACCGGAGACTATTCATTCCCGCATCATCCCTTTGCATATGGACGTCATTATAGTGAGATTCGAACGTTCACTCAATTAAACGGTGACGCCTTTACAATGATGGGA";"seq14";0;0;0;0;0;0;0;9;0;0;0;0;0;0;0;0;36;40;0;0;0;0;0;0;0;0;0;0;0;0;0;0;0;0;0;0;0;0;0;0;0;0;0;0;0;0;0;0;0
"97";"AGAATTAAATATTAAAGATGTTCTAATTGTTGAAAATGGAACCATCGGTCATTCATTTAAACATTGGCCTCTATCAACAAAGACCCTCACACCATCATTTACAAATAATGGTTTTGGCATGCCAGATATGAATGCAATAGCTAAAGATACATCACCTGCCTTCACTTTCAATGAAGAACATTTATCTGGAAAACGTTATGCTGAATACCTCTCACTAGTAGCTACGCATTACAATCTAAATGTCAAAACAAATACCAATGTTTCACGTGTAACATACATAGATGGTATATATCATGTATCAACGGACTATGGCGTGTATACAGCAGATTATATATTTATAGCAACTGGAGACTATTCATTCCCATATCATCCTTTTTCATATGGACTTCATTACAGTGAAATTCAAACATTCACTCAATTAAAAGGTGATGCTTTTACAATCATTGGT";NA;0;0;0;0;0;0;0;0;0;0;0;0;0;0;0;0;0;0;0;0;83;0;0;0;0;0;0;0;0;0;0;0;0;0;0;0;0;0;0;0;0;0;0;0;0;0;0;0;0
"98";"AGAATTCTGTATTAAAGATGTTCTAATTGTAGAAAAGGGATCCATCGGCAATTCATTTAAACATTTGACTATCTCAACCAAGACCCTCACACCATCATTTACAACTAATGGTTTTGGCATGCCAGATATGAATGCTATAGCTAAAGATACTTCACCTGCCTTCACTTTCAATGAAGAACATTTGTCTGGAAATAATTACGCTCAATACATTTCATTAGTAGCTGAGCATTACAATCTAAACGTCAAAACAAATACCAATGTTTCACGTGTAACATACATAGATGGTATATATCATGTATCAACGGACTATGGCGTGTATACAGCAGATTATATATTTATAGCAACCGGAGACTATTCATTCCCGCATCATCCCTTTTCATATGGACGTCATTATAGTGAGATTCGAGCGTTCACTCAATTAAACGGTGACGCCTTTACAATTATTGGA";"seq5";0;0;0;0;0;0;0;0;0;0;0;0;0;0;0;0;0;0;0;0;0;0;0;0;0;0;0;0;0;81;0;0;0;0;0;0;0;0;0;0;0;0;0;0;0;0;0;0;0
"99";"AGAATTCTGTATTAAAGATGTTCTAATTGTAGAAAAGGGATCCATCGGCAATTCATTTAAACATTGGCCTATCTCAACCAAGACCATCACACCATCATTTACAACTAATGGTTTTGGCATGCCAGATATGAATGCTATAGCTAAAGATACTTCACCTGCCTTCACTTTCAATGAAGAACATTTGTCTGGAAATAATTACGCTCAATACATTTCATTAGTAGCTGATCATTACAATCTAAACGTCAAAACAAATACCAATGTTTCACGTGTAACATACATAGATGGTATATATCATGTATCAACGGACTATGGCGTGTATACAGCAGATTATATATTTATAGCAACCGGAGACTATTCATTCCCGCATCATCCCTTTGCATATGGACGTCATTATAGTGAGATTCGAGCGTTCACTCAATTAAACGGTGACGCCTTTACAATGATGGGA";"seq6";0;0;0;0;0;0;0;0;0;0;0;0;0;0;0;0;0;0;0;0;0;0;0;0;0;0;0;0;0;0;0;0;0;0;0;0;0;0;32;49;0;0;0;0;0;0;0;0;0
"100";"AGAATTCTGTATTAAAGATCTTCTAATTGTGGAAAAGGGATCCATCGGCAATTCATTTAAACATTGGCCTATCTCAACCAAGACCATCACACCATCATTTACAACTAACGGTTTTGGTATGCCAGATATGAATGCTATAGCTAAAGATACTTCACCTGCTTTCACTTTCAATGAAGAACATTTGTCTGGAAATAATTACGCTCAATACATTTCATTAGTAGCTGAGCATTACAATCTAAACGTCAAAACAAATACCAATGTTTCACGTGTAACATACATAGATGGTATATATCATGTATCAACGGACTATGGCGTGTATACAGCAGATTATATATTTATAGCAACCGGAGACTATTCATTCCCGCATCATCCCTTTTCATACGGACGTCATTATAGTGAGATTCGAACGTTCACTCAATTAAACGGTGACGCCTTTACAATTATTGGA";"seq2";0;0;0;0;0;0;0;0;0;0;0;0;0;0;0;0;0;0;0;0;0;0;0;0;0;0;0;0;0;0;0;0;0;80;0;0;0;0;0;0;0;0;0;0;0;0;0;0;0
"101";"AGAATTCTGTATTAAAGATGTTCTAATTGTGGAAAAGGGATCCATCGGCAATTCATTTAAACATTGGCCTATCTCAACCAAGACCATCACACCATCATTTACAACTAATGGTTTTGGCATGCCAGATATGAATGCTATAGCTAAAGATACTTCACCTGCTTTCACTTTCAATGAAGAACATTTGTCTGGAAATAATTACGCTCAATACATTTCATTAGTAGCTGAGCATTACAATCTAAACGTCAAAACAAATACCAATGTTTCATGTGTAACATACATAGATGGTATATATCATGTATCAACGGACTATGGCGTGTATACAGCAGATTATATATTTATAGCAACCGGAGACTATTCATTCCCGCATCATCCCTTTTCATATGGACGTCATTATAGTGAGATTCGAGCGTTCACTCAATTAAACGGTGACGCCTTTACAATTATTGGA";NA;0;0;0;0;0;0;0;0;0;0;0;0;0;0;0;0;0;0;0;0;0;0;0;0;0;0;0;0;0;79;0;0;0;0;0;0;0;0;0;0;0;0;0;0;0;0;0;0;0
"102";"AGAATTCTGTATTAAAGATGTTCTAATTGTAGAAAAGGGATCCATCGGCAATTCATTTAAACATTGGACTATCTCAACCAAGACCATCACACCATCATTTACAACTAATGGTTTTGGCATGCCAGATATGAATGCTATAGCTAAAGATACTTCACCTGCCTTCACTTTCAATGAAGAACATTTGTCTGGAAATAATTACGCTCAATACATTTCATTAGTAGCTGAGCATTACAATCTAAACGTCAAAACAAATACCAATGTTTCACGTGTAACATACATAGATGGTATATATCATGTATCAACGGACTATGGCGTGTATACAGCAGATTATATATTTATAGCAACCGGAGACTATTCATTCCCGCATCATCCCTTTGCATATGGACGTCATTATAGTGAGATTCGAGCGTTCACTCAATTAAACGGTGACGCCTTTACAATGATGGGA";NA;0;0;0;0;0;0;0;0;0;0;0;0;0;0;0;0;0;0;0;0;0;0;0;0;0;0;0;0;23;54;0;0;0;0;0;0;0;0;0;0;0;0;0;0;0;0;0;0;0
"103";"AGAATTCTGTATTAAAGATGTTCTAATTGTAGAAAAGGGATCCATCGGCAATTCATTTAAACATTGGCCTCTATCAACAAAGACCATCACACCATCATTTACAACTAATGGTTTTGGCATGCCAGATATGAATGCAATAGCTAAAGATACATCACCTGCCTTCACTTTCAATGAAGAACATTTATCTGGAAAACGTTATGCTGAATACCTCTCACTAGTAGCTACGCATTACAATCTAAATGTCAAAACAAATACCAATGTTTCACGTGTAACATACATAGATGGTATATATCATGTATCAACGGACTATGGCGTGTATACAGCAGATTATATATTTATAGCAACTGGAGACTATTCATTCCCATATCATCTTTTTTCATATGGACTTCATTACAGTGAAATTCAAACATTCACTCAATTAAAAGGTGATGCTTTTACAATCATTGGT";NA;0;0;0;0;0;0;0;0;0;0;0;0;0;0;0;0;0;0;0;0;0;0;0;0;0;0;0;0;0;0;0;0;0;0;0;0;0;0;0;0;0;0;0;0;0;0;0;72;0
"104";"AGAATTACATATTAAAGATGTTCTAATTGTTGAAAAGGGAACCATCGGTCATTCATTTAAACATTGGCCTCTATCAACAAAGACCCTCACACCATCATTTACAACTAATGGTTTTGGCATGCCAGATATGAATGCAATAGCTAAAGATACATCACCTGCCTTCACTTTCAATGAAGAACATTTATCTGGAAAACGTTATGCTGAATACCTCTCACTAGTAGCTACGCATTACAATCTAAATGTCAAAACAAATACCAATGTTTCACGTGTAACATACATAGATGGTATATATCATGTATCAACGGACTATGGCGTGTATACAGCAGATTATATATTTATAGCAACTGGAGACTATTCATTCCCATATCATCCTTTTTCATATGGACTTCATTACAGTGAAATTCAAACATTCACTCAATTAAAAGGTGATGCTTTTACAATCATTGGT";NA;0;0;0;0;0;0;0;0;0;0;0;0;0;0;0;0;0;0;0;0;66;0;0;0;0;0;0;0;0;0;0;0;0;0;0;0;0;0;0;0;0;0;0;0;0;0;0;0;0
"105";"AGAATTCTGTATTAAAGATGTTCTAATTGTAGAAAAGGGATACATCGGCAATTCATTTAAACATTGGCCTCTATCAACAAAGACCATCACACCATCATTTACAACTAATGGTTTTGGCATGCCAGATATGAATGCAATAGCTAAAGATACATCACCTGCCTTCACTTTCAATGAAGAACATTTATCTGGAAAACGTTATGCTGAATACCTCTCACTAGTAGCTACGCATTACAATCTAAATGTCAAAACAAATACCAATGTTTCACGTGTAACATACATAGATGGTATATATCATGTATCAACGGACTATGGCGTGTATACAGCAGATTATATATTTATAGCAACTGGAGACTATTCATTCCCATATCATCCTTTTTCATATGGACTTCATTACAGTGAAATTCAAACATTCACTCAATTAAAAGGTGATGCTTTTACAATCATTGGT";NA;0;0;0;0;0;0;0;0;0;0;0;0;0;0;0;0;0;0;0;0;0;0;0;0;0;0;0;0;0;0;0;0;0;0;0;0;0;0;0;0;0;0;0;0;63;0;0;0;0
"106";"AGAATTCTATATTAAAGATGTTCTAATTGTGGAAAAGGGATCCATCGGTCATTCATTTAAACATTGGCCTCTATCAACAAAGACCATCACACCATCATTTACAACTAATGATTTTGGCATGCCAGATATGAATGCAATAGCTAAAGATACATCACCTGCCTTCACTTTCAATGAAGAACATTTATCTGGAAAACGTTATGCTGAATACCTCTCACTAGTAGCTACGCATTACAATCTAAATGTCAAAACAAATACCAATGTTTCACGTGTAACATACATAGATGGTATATATCATGTATCAACGGACTATGGCGTGTATACAGCAGATTATATATTTATAGCAACTGGAGACTATTAATTCCCATATCATCCTTTTTCATATAGACTTCATTACAGTGAAATTCAAACATTCACTCAATTAAAAGGTGATGCTTTTACAATCATTGGT";NA;0;0;0;0;0;0;0;62;0;0;0;0;0;0;0;0;0;0;0;0;0;0;0;0;0;0;0;0;0;0;0;0;0;0;0;0;0;0;0;0;0;0;0;0;0;0;0;0;0
"107";"AGAATTCTGTATTAAAGATGTTCTAATTGTAGAAAAGGGATCCATCGGCAATTCATTTAAACATTGGCCTCTATCAACAAAGACCATCACACCATCATTTACAACTAATGGTTTTGGCATGCCAGATATGAATGCAATAGCTAAAGATACATCACCTGCCTTCACTTTCAATGAAGAACATTTATCTGGAAAACGTTATGCTGAATACCTCTCACTAGTAGCTACGCATTACAATCTAAATGTCAAAACAAATACCAATGTTTCACGTGTAACATACATAGATGGTATATATCATGTATCAACGGACTATGGCGTGTATACAGCAGATTATATATTTATAGCAACTGGAGACTATTCATTCCCATATCATCCTTTTTCATATGGACTTCATTATAGTGAAATTCAAACATTCACTCAATTAAAAGGTGATGCTTTAACAATCATTGGT";"seq29";35;0;26;0;0;0;0;0;0;0;0;0;0;0;0;0;0;0;0;0;0;0;0;0;0;0;0;0;0;0;0;0;0;0;0;0;0;0;0;0;0;0;0;0;0;0;0;0;0
"108";"AGAATTCTATATTAAAGATGTTCTAATTGTGGAAAAGGGATCCATCGGTCATTCATTTAAACATTGGCCTCTATCAACAAAGACCATCACACCATCATTTACAACTAATGATTTTGGCATGCCAGATATGAATGCAATAGCTAAAGATACATCACCTGCCTTCACTTTCAATGAAGAACATTTATCTGGAAAACGTTATGCTGAATACCTCTCACTAGTAGCTACGCATTACAATCTAAATGTCAAAACAAATACCAATGTTTCACGTGTAACATACATAGATGGTATATATCATGTATCAACGGACTATGGCGTGTATACAGCAGATTATATATTTATAGCAACTGGAGACTATTCATTCCCATATCATCCTTTTTCATATAGACTTCACTACAGTGAAATTCAAACATTCACTCAATTAAAAGGTGATGCTTTTACAATCATTGGT";NA;0;0;0;0;0;0;0;58;0;0;0;0;0;0;0;0;0;0;0;0;0;0;0;0;0;0;0;0;0;0;0;0;0;0;0;0;0;0;0;0;0;0;0;0;0;0;0;0;0
"109";"AGAATTATGTATTAAAGATGTTCTAATTGTAGAAAATGGATCCATCGGCCATTCATTTAAACATTGGCCTATCTCAACCAAGACCCTCACACCATCATTTACAAATAATGGTTTTGGCATGCCAGATATGAATGCTATAGCTAAAGATACTTCACCTGCCTTCACTTTCAATGAAGAACATTTGTCTGGAAATAATTACGCTCAATACATTTCATTAGTAGCTGAGCATTACAATCTAAACGTCAAAACAAATACCAATGTTTCACGTGTAACATACATAGATGGTATATATCATGTATCAACGGACTATGGCGTGTATACAGCAGATTATATATTTATAGCAACCGGAGACTATTCATTCCCGCATCATCCTTTTTCATATGGACGTCATTACAGTGAGATTCGAGCGTTCACTCAATTAAACGGTGACGCCTTTACAATTATTGGA";"seq3";0;0;0;0;0;0;0;0;0;0;0;0;0;0;0;0;0;0;0;0;0;0;0;0;0;0;0;0;0;0;0;0;0;0;0;51;0;0;0;0;0;0;0;0;0;0;0;0;0
"110";"AGAATTCAATATTAAAGATGTTCTAATTGTTGAAAAGGGAACCATCGGTCATTCATTTAAACATTGGCCTCTATCAACAAAGACCATCACACCATCATTTACAACTAATGGTTTTGGCATGCCAGATATGAATGCAATAGCTAAAGATACATCACCTGCCTTCACTTTCAATGAAGAACATTTATCTGGAAAACGTTATGCTGAATACCTCTCACTAGTAGCTACGCATTACAATCTAAATGTCAAAACAAACACCAATGTTTCACGTGTAACATACATAGATGGTGTATATCATGTATCAACGGACTATGGTGTATATACCGCAGATTATATATTTATAGCAACTGGAGACTATTCATTCCCATATCATCTTTTTCATATGGACGTCATTACAGTGAAATTCAAACATTCACTCAATTAAAAGGTGATGCTTTTACAATCATTGGT";NA;0;0;0;0;0;50;0;0;0;0;0;0;0;0;0;0;0;0;0;0;0;0;0;0;0;0;0;0;0;0;0;0;0;0;0;0;0;0;0;0;0;0;0;0;0;0;0;0;0
"111";"AGAATTCTGTATTAAAGATGTTCTAATTGTGGAAAAGGGATCCATCGGCAATTCATTTAAACATTGGCCTATCTCAACCAAGACCATCACACCATCATTTACAACTAACGGTTTTGGCATGCCAGATATTAATGCTATAGCTAAAGATACTTCACCTGCTTTCACTTTCAATGAAGAACATTTATCTGGAAATAATTACGCTCAATACATTTCATTAGTAGCTGAGCATTACAATCTAAACGTCAAAACAAATACCAATGTTTCACGTGTAACATACATAGATGGTATATATCATGTATCAACAGACTATGGCGTGTATACAGCAGATTATATATTTATAGCAACCGGAGACTATTCATTCCCGCATCATCCCTTTTCATATGGACGTCATTATAGTGAGATTCGAGCGTTCACTCAATTAAACGGTGATGCCTTTACAATTATTGGA";NA;0;0;0;0;0;0;0;0;0;0;0;0;0;0;0;0;0;0;0;0;0;0;0;0;0;0;0;0;0;50;0;0;0;0;0;0;0;0;0;0;0;0;0;0;0;0;0;0;0
"112";"AGAATTCAATATGAAAGATGTTCTAATTGTTGAAAAGGGAACCATCGGTCATTCATTTAAACATTGGCCTCTATCAACAAAGACCTTCACACCATCATTTACAACTAATGGTTTTGGCATGCCAGATATGAATTCAATAGCTAAAGCTACATCACCTGCCTTCACTTTCAATGAAGAACATTTATCTGTAAAACGTTATGCTGAATACCTCTCACTAGTAGCTACGCATTACAATCTAAATGTCAAAACAAATACCAATGTTTCACGTGTAACATACATAGATGGTATATATCATGTATCAACGGACTATGGCGTGTATACAGCAGATTATATATTTATAGCAACTGGAGACTATTCATTCCCATATCATCCTTTTTCATATGGACTTCATTACAGTGAAATTCAAACATTCACTCAATTAAAAGGTGATGCTTTTACAATCATTGGT";NA;0;0;0;0;0;0;0;0;0;0;0;0;0;0;0;0;0;0;0;0;48;0;0;0;0;0;0;0;0;0;0;0;0;0;0;0;0;0;0;0;0;0;0;0;0;0;0;0;0
"113";"AGAATTCAATATTAAAGATGTTCTAATTGTTGAAAAGGGAACCATCGGTCATTCATTTAAACATTGGCCTCTATCAACAAAGACCATCACACCATCATTTACAACTAATGGTTTTGGCATGCCAGATATGAATGCAATAGCTAAAGATACATCACCTGCCTTCACTTTCAATGAAGAACATATATCTGGAAAACGTTATGCTGAATACCTCTCACTAGTAGCTACGCATTATAATCTAAATGTCAAAACAAACACCAATGTTTCACGTGTAACATACATAGATGGTGTATATCATGTATCAACGGACTATGGTGTATATACGGCAGATTATATATTTATAGCAACTGGAGACTATTCATTCCCATATCATCCTTTTTCATATGGACGTCATTACAGTGAAATTCAAACATTCACTCAATTAAAAGGTGATGCTTTTACAATCATTGGT";"seq16";0;0;0;0;0;0;0;0;0;0;0;0;0;0;0;0;0;0;0;0;0;0;0;0;0;0;0;0;48;0;0;0;0;0;0;0;0;0;0;0;0;0;0;0;0;0;0;0;0
"114";"AGAATTCTGTATTAAAGATGTTCTAATTGTAGAAAAGGGATCCATCGGCAATTCATTTAAACATTGGCCTCTATCAACAAAGACCATCACACCATCATTTACAACTAATGGTTTTGGCATGCCAGATATGAATGCAATAGCTAAAGATACATCACCTGTCTTCACTTTCAATGAAGAACATTTATCTGGAAAACGTTATGCTGAATACCTCTCACTAGTAGCTACGCATTACAATCTAAATGTCAAAACAAATACCAATGTTTCACGTGTAACATACATAGATGGTATATATCATGTATCAACGGACTATGGCGTGTATACAGCAGATTATATATTTATAGCAACTGGAGACTATTCATTCCCATATCATCCTTTTTCATATGGACTTCATTACAGTGAAATTCAAACATTCACTCAATTAAAAGGTGATGCTTTTACAATCATTGGT";NA;0;0;0;0;0;0;0;0;0;0;0;44;0;0;0;0;0;0;0;0;0;0;0;0;0;0;0;0;0;0;0;0;0;0;0;0;0;0;0;0;0;0;0;0;0;0;0;0;0
"115";"AGAATTCAATATTAAAGATGTTCTAATCATTGAAAAGGGAACCATCGGTCATTCATTTAAACATTTGCCTCTATCAACAAAGACCCTCACACCATCATTTACAACTAATGGTTTTGGCATGCCAGATATGAATGCAATAGCTAAAGATACATCACCTGCCTTCACTTTCAATGAAGAACATTTATCTGGAAAACGTTATGCTGAATACCTCTCACTAGTAGCTACGCATTACAATCTAAATGTCAAAACAAACACCAATGTTTCACGTGTAACATACATAGATGGTATATATCATGTATCAACGGACTATGGTGTTTATACCGCAGATTATATATTTATAGCAACTGGAGACTATTCATTCCCATATCATCCTTTTTCATATGGACTTCATTACAGTGAAATTCAAACATTCACTCAATTAAAAGGTGATGCTTTTACAATCATTGGT";"seq18";0;0;0;0;0;0;0;0;0;0;0;0;0;0;0;0;0;0;0;0;0;0;0;0;0;43;0;0;0;0;0;0;0;0;0;0;0;0;0;0;0;0;0;0;0;0;0;0;0
"116";"AGAATTCTGTATTAAAGATGTTCTAATTGTAGAAAAGGGATCCATCGACAATTCATTTAAACATTGGCCTATCTCAACCAAGACCATCACACCATCATTTACAACTAATGGTTTTGGCATGCCAGATATGAATGCTATAGCTAAAGATACTTCACCTGCCTTCACTTTCAATGAAGAACATTTGTCTGGAAATAATTACGCTCAATACATTTCATTAGTAGCTGAGCATTACAATCTAAACGTCAAAACAAATACCAATGTTTCACGTGTAACATACATAGATGGTATATATCATGTATCAACGGACTATGGCGTGTATACAGCAGATTATATATTTATAGCAACCGGAGACTATTCATTCCCGCATCATCCCTTTTCATATGGACGTCATTATAGTGAGATTCGAGCGTTCACTCAATTAAACGGTGACGCCTTTACAATTATTGGA";"seq5";0;0;0;0;41;0;0;0;0;0;0;0;0;0;0;0;0;0;0;0;0;0;0;0;0;0;0;0;0;0;0;0;0;0;0;0;0;0;0;0;0;0;0;0;0;0;0;0;0
"117";"AGAATTCAATATTAAAGATGTTCTAATTATTGAAAAGGGAACCATCGGTCATTCATTTAAACATTGGCCTCTATCAACAAAGACCATCACACCATCATTTACAACTAATGGTTTTGGCATGCCAGATATGAATGCAATAGCTAAAGATACATCACCTGCCTTCACTTTCAATGAAGAACATTTATCTGGAAAACGTTATGCTGAATACCTCTCACTAGTAGCTACGCATTACAATCTAAATGTCAAAACAAACACCAATGTTTCACGTGTAACATACATAGATGGTGTATATCATGTATCAACGGACTATGGTGTATATACCGCAGATTATATATTTATAGCAACTGGAGACTATTCATTCCCATATCATCTTTTTCATATGGACGTCATTACAGTGAAATTCAAACATTCACTCAATTAAAAGGTGATGCTTTTACAATCATTGGT";NA;0;0;0;0;0;41;0;0;0;0;0;0;0;0;0;0;0;0;0;0;0;0;0;0;0;0;0;0;0;0;0;0;0;0;0;0;0;0;0;0;0;0;0;0;0;0;0;0;0
"118";"AGAATTCAATATTAAAGATGTTCTAATTATTGAAAAGGGAACCATCGGTCATTCATTTAAACATTGGCCTCTATCAACAAAGACCATCACACCATCATTTACAACTAATGGTTTTGGCATGCCAGATATGAATGCAATAGCTAAAGATACATCACCTGCCTTCACTTTCAATGAAGAACATTTATCTGGAAAACGTTATGCTGAATACCTCTCACTAGTAGCTACGCATTACAATCTAAATGTCAAAACAAACACCAATGTTTCACGTGTAACATACATAGATGGTGTATATCATGTATCAACGGACTATGATGTATATACCGCAGATTATATATTTATAGCAACTGGAGACTATTCATTCCCATATCATCCTTTTTCATATGGACGTCATTACAGTGAAATTCAAACATTCACTCAATTAAAAGGTGATGCTTTTACAATCATTGGT";NA;0;0;0;0;0;38;0;0;0;0;0;0;0;0;0;0;0;0;0;0;0;0;0;0;0;0;0;0;0;0;0;0;0;0;0;0;0;0;0;0;0;0;0;0;0;0;0;0;0
"119";"AGAATTCTATATGAAAGATGTTCTAATTTTGGAAAAGGGATCCATCGGCAATTCATTTAAACATTTGCCTATCTCAACCAAGACTCTCACACCATCATTTACAACTAATGGTTTTGGCATGCCAGATATGAATGCTATAGCTAAAGATACTTCACCTGCCTTCACTTTCAATGAAGAACATTTGTCTGGAAATAATTACGCTCAATACATTTCATTAGTAGCTGAGCATTACAATCTAAATGTCAAAACAAATACCAATGTTTCACGTGTAACATACATAGATGGTATATATCATGTATCAACGGACTATGGTGTTTATACCGCAGATTATATATTTATAGCAACTGGAGACTATTCATTCCCATATCATCCTTTTTCATATGGACGTCATTACAGTGAGATTCGAGCGTTCACTCAATTAAACGGTGACGCCTTTACAATTATTGGA";"seq1";0;0;0;0;0;0;0;0;0;0;0;0;0;0;0;0;0;0;0;0;0;0;0;0;0;0;0;0;0;0;0;0;0;0;0;0;0;0;0;0;0;0;0;0;0;0;0;0;0
"120";"AGAATTCAATATTAAAGATGTTCTAATTGTTGAAAAGGGAACCATCGGTCATTCATTTAAACATTGGCCTCTATCAACAAAGACCATCACACCATCATTTACAACTAATGGTTTTGGCATGCCAGATATGAATGCAATAGCTAAAGATACATCACCTGCCTTCACTTTCAATGAAGAACATTTATCTGGAAAACGTTATGCTGAATACCTCTCACTAGTAGCTACGCATTACAATCTAAATGTCAAAACAAATACCAATGTTTCACGTGTAACATACATAGATGGTGTATATAATGTATCAACGGACTATGGTGTTTATACCGCAGATTATATATTTATAGCAACTGGAGACTATTCATTCCCATATCATCCTTTTTCATATGGACGTCATTACAGTGAAATTCAAACATTCACTCAATTAAAAGGTGATGCTTTTACAATCATTGGT";"seq20";0;0;32;0;0;0;0;0;0;0;0;0;0;0;0;0;0;0;0;0;0;0;0;0;0;0;0;0;0;0;0;0;0;0;0;0;0;0;0;0;0;0;0;0;0;0;0;0;0
"121";"AGAATTCTATATGAAAGATGTTCTAATTGTGGAAAAGGGATCCATCGGTCATTCATTTAAACATTGGCCTCTATCAACAAAGACCATCACACCATCATTTACAACTAATGCTTTTGGCATGCCAGATATGAATTCAATAGCTAAAGATACATCACCTGCCTTCACTTTCAATGAAGAACATTTATCTGTAAAACGTTATGCTGAATACCTCTCACTAGTAGCTACGCATTACAATCTAAATGTCAAAACAAATACCAATGTTTCACGTGTAACATACATAGATGGTATATATCATGTATCAACGGACTATGGCGTGTATACAGCAGATTATATATTTATAGCAACCGGAGACTATTCATTCCCGCATCATCCCTTTTCATATGGACGTCATTATAGTGAGATTCGAACGTTCACTCAATTAAACGGTGACGCCTTTACAATTATTGGA";"seq14";0;0;0;0;0;0;0;0;0;0;0;0;0;0;0;0;0;32;0;0;0;0;0;0;0;0;0;0;0;0;0;0;0;0;0;0;0;0;0;0;0;0;0;0;0;0;0;0;0
"122";"AGAATTCAATATTAAAGATGTTCTAATTGTTGAAAAGGGAACCATCGGTCATTCATTTAAACATTGGCCTCTATCAACAAAGACCATCACACCATCATTTACAACTAATGGTTTTGGCATGCCAGATATGAATGCAATAGCTAAAGATACATCACCTGCCTTCACTTTCAATGAAGAACATATATCTGGAAAACGTTATGCTGAATACCTCTCACTAGTAGCTACGCATTATAATCTAAATGTCAAAACAAACACCAATGTTTCACGTGTAACATACATAGATGGTGTATATCATGTATCAACGGACTATGGTGTATATACCGCAGATTATATATTTATAGCAACTGGAGACTATTCATTCCCATATCATCCTTTTTCATATGGACGTCATTACAGTGAAATTCAAACATTCACTCAATTAAAAGGTGATGCCTTTACAATCATTGGT";"seq16";0;0;0;0;0;0;14;15;0;0;0;0;0;0;0;0;0;0;0;0;0;0;0;0;0;0;0;0;0;0;0;0;0;0;0;0;0;0;0;0;0;0;0;0;0;0;0;0;0
"123";"AGAATTCTATATTAAAGATGTTCTAATTGTGGAAAAGGGATCCATCGGCAATTCATTTAAACATTGGCCTATCTCAACCAAGACTATCACACCATCATTTACAACTAATGGTTTTGGCATGCCAGATATGAATGCTATAGCTAAAGATACTTCACCTGCCTTCACTTTCAATGAAGAACATTTGTCTGGAAATAATTACGCTCAATACATTTCATTAGTAGCTGAGCATTACAATCTAAATGTCAAAACAAATACCAATGTTTCACGTGTAACATACATAGATGGTATATATCATGTATCAACGGACTATGGTGTTTATACCGCAGATTATATATTTATAGCAACTGGAGACTATTCATTCCCATATCATCCTTTTGCATATGGACGTCATTACAGTGAGATTCGAGCGTTCACTCAATTAAACGGTGACGCCTTTACAATGATGGGA";"seq1";0;0;0;0;0;14;0;0;0;0;0;0;0;0;0;0;0;0;0;0;0;0;0;0;0;0;0;0;0;0;0;0;0;0;0;0;0;0;0;0;0;0;0;0;0;0;0;0;0
